Dir,Flgs,SrcAddr,DstAddr,Sport,Dport,SrcBytes,DstBytes,SrcLoad,DstLoad,SrcGap,DstGap,SIntPkt,DIntPkt,SIntPktAct,DIntPktAct,SrcJitter,DstJitter,sMaxPktSz,dMaxPktSz,sMinPktSz,dMinPktSz,Dur,Trans,TotPkts,TotBytes,Load,Loss,pLoss,pSrcLoss,pDstLoss,Rate,SrcMac,DstMac,Packet_num,Temp,SpO2,Pulse_Rate,SYS,DIA,Heart_rate,Resp_Rate,ST,Label
   ->, e        ,10.0.1.172,10.0.1.150,58059,1111,496.0,186.0,276914.0,92305.0,0.0,0.0,3.582333,1.9015,0.0,0.0,2.946239,1.6235,310,66,60,60,0.010747,1,7.0,682.0,369219.0,0,0.0,0.0,0.0,558.295,84:3a:4b:0f:5b:94,b8:ca:3a:cf:0b:87,1,28.9,0,0,0,0,0,0,0,0
   ->, e        ,10.0.1.172,10.0.1.150,58062,1111,496.0,186.0,230984.0,76995.0,0.0,0.0,4.294667,2.9015,0.0,0.0,3.091654,2.8625,310,66,60,60,0.012884,1,7.0,682.0,307979.0,0,0.0,0.0,0.0,465.694,84:3a:4b:0f:5b:94,b8:ca:3a:cf:0b:87,2,28.9,0,0,0,0,78,17,0.40,0
   ->, e        ,10.0.1.172,10.0.1.150,58065,1111,496.0,186.0,218470.0,72823.0,0.0,0.0,4.540667,3.2945,0.0,0.0,2.849841,3.1655,310,66,60,60,0.013622,1,7.0,682.0,291293.0,0,0.0,0.0,0.0,440.464,84:3a:4b:0f:5b:94,b8:ca:3a:cf:0b:87,3,28.9,89,104,0,0,78,17,0.40,0
   ->, e        ,10.0.1.172,10.0.1.150,58067,1111,496.0,186.0,203376.0,67792.0,0.0,0.0,4.877667,3.332,0.0,0.0,2.452252,3.257,310,66,60,60,0.014633000000000002,1,7.0,682.0,271168.0,0,0.0,0.0,0.0,410.032,84:3a:4b:0f:5b:94,b8:ca:3a:cf:0b:87,4,28.9,89,104,0,0,79,17,0.40,0
   ->, e        ,10.0.1.172,10.0.1.150,58069,1111,496.0,186.0,235723.0,78574.0,0.0,0.0,4.2083330000000005,2.8635,0.0,0.0,3.021835,2.8225,310,66,60,60,0.012625,1,7.0,682.0,314297.0,0,0.0,0.0,0.0,475.247,84:3a:4b:0f:5b:94,b8:ca:3a:cf:0b:87,5,28.9,89,101,0,0,79,17,0.40,0
   ->, e        ,10.0.1.172,10.0.1.150,58074,1111,496.0,186.0,191284.0,63761.0,0.0,0.0,5.186,3.803,0.0,0.0,3.666978,3.797,310,66,60,60,0.015558,1,7.0,682.0,255046.0,0,0.0,0.0,0.0,385.654,84:3a:4b:0f:5b:94,b8:ca:3a:cf:0b:87,6,28.9,91,103,0,0,79,17,0.40,0
   ->, e        ,10.0.1.172,10.0.1.150,58076,1111,496.0,186.0,217958.0,72653.0,0.0,0.0,4.5513330000000005,2.841,0.0,0.0,3.360778,2.822,310,66,60,60,0.013654,1,7.0,682.0,290611.0,0,0.0,0.0,0.0,439.432,84:3a:4b:0f:5b:94,b8:ca:3a:cf:0b:87,7,28.9,91,103,0,0,82,17,0.40,0
   ->, e        ,10.0.1.172,10.0.1.150,58078,1111,496.0,186.0,244536.0,81512.0,0.0,0.0,4.056667,2.139,0.0,0.0,3.272284,2.018,310,66,60,60,0.01217,1,7.0,682.0,326048.0,0,0.0,0.0,0.0,493.016,84:3a:4b:0f:5b:94,b8:ca:3a:cf:0b:87,8,28.9,91,97,0,0,82,17,0.40,0
   ->, e        ,10.0.1.172,10.0.1.150,58081,1111,496.0,186.0,203989.0,67996.0,0.0,0.0,4.863,4.17,0.0,0.0,1.137211,4.066,310,66,60,60,0.014588999999999998,1,7.0,682.0,271986.0,0,0.0,0.0,0.0,411.269,84:3a:4b:0f:5b:94,b8:ca:3a:cf:0b:87,9,28.9,91,97,0,0,91,10,0.30,0
   ->, e        ,10.0.1.172,10.0.1.150,58084,1111,496.0,186.0,235518.0,78506.0,0.0,0.0,4.212,2.319,0.0,0.0,3.3003419999999997,2.275,310,66,60,60,0.012636,1,7.0,682.0,314023.0,0,0.0,0.0,0.0,474.834,84:3a:4b:0f:5b:94,b8:ca:3a:cf:0b:87,10,28.9,91,92,0,0,91,10,0.30,0
   ->, e        ,10.0.1.172,10.0.1.150,58086,1111,496.0,186.0,283402.0,94467.0,0.0,0.0,3.5003330000000004,2.8505,0.0,0.0,2.491458,2.8065,310,66,60,60,0.010501,1,7.0,682.0,377869.0,0,0.0,0.0,0.0,571.374,84:3a:4b:0f:5b:94,b8:ca:3a:cf:0b:87,11,28.8,91,92,0,0,91,10,0.30,0
   ->, e        ,10.0.1.172,10.0.1.150,58087,1111,496.0,186.0,141103.0,47034.0,0.0,0.0,7.030333000000001,2.7055,0.0,0.0,6.544402,2.6715,310,66,60,60,0.021091,1,7.0,682.0,188137.0,0,0.0,0.0,0.0,284.482,84:3a:4b:0f:5b:94,b8:ca:3a:cf:0b:87,12,28.8,91,92,0,0,100,10,0.30,0
   ->, e        ,10.0.1.172,10.0.1.150,58089,1111,496.0,186.0,235723.0,78574.0,0.0,0.0,4.2083330000000005,2.8555,0.0,0.0,2.842504,2.8015,310,66,60,60,0.012625,1,7.0,682.0,314297.0,0,0.0,0.0,0.0,475.247,84:3a:4b:0f:5b:94,b8:ca:3a:cf:0b:87,13,28.8,92,89,0,0,100,10,0.30,0
   ->, e        ,10.0.1.172,10.0.1.150,58094,1111,496.0,186.0,256817.0,85606.0,0.0,0.0,3.8626669999999996,2.834,0.0,0.0,2.734343,2.736,310,66,60,60,0.011588,1,7.0,682.0,342423.0,0,0.0,0.0,0.0,517.777,84:3a:4b:0f:5b:94,b8:ca:3a:cf:0b:87,14,28.9,92,89,0,0,100,10,0.30,0
   ->, e        ,10.0.1.172,10.0.1.150,58095,1111,496.0,186.0,256618.0,85539.0,0.0,0.0,3.8656669999999997,2.859,0.0,0.0,2.606134,2.672,310,66,60,60,0.011597,1,7.0,682.0,342157.0,0,0.0,0.0,0.0,517.375,84:3a:4b:0f:5b:94,b8:ca:3a:cf:0b:87,15,28.9,91,90,0,0,100,10,0.30,0
   ->, e        ,10.0.1.172,10.0.1.150,58097,1111,496.0,186.0,218422.0,72807.0,0.0,0.0,4.5416669999999995,3.318,0.0,0.0,2.194388,3.298,310,66,60,60,0.013625,1,7.0,682.0,291229.0,0,0.0,0.0,0.0,440.367,84:3a:4b:0f:5b:94,b8:ca:3a:cf:0b:87,16,28.9,91,90,0,0,100,13,0.30,0
   ->, e        ,10.0.1.172,10.0.1.150,58103,1111,496.0,186.0,240679.0,80226.0,0.0,0.0,4.1216669999999995,2.345,0.0,0.0,3.1835009999999997,2.31,310,66,60,60,0.012365000000000001,1,7.0,682.0,320906.0,0,0.0,0.0,0.0,485.241,84:3a:4b:0f:5b:94,b8:ca:3a:cf:0b:87,17,28.9,92,90,0,0,100,13,0.30,0
   ->, e        ,10.0.1.172,10.0.1.150,58105,1111,496.0,186.0,116327.0,38776.0,0.0,0.0,8.527667,7.741,0.0,0.0,2.643549,7.644,310,66,60,60,0.025583,1,7.0,682.0,155103.0,0,0.0,0.0,0.0,234.531,84:3a:4b:0f:5b:94,b8:ca:3a:cf:0b:87,18,28.9,92,90,0,0,96,13,0.32,0
   ->, e        ,10.0.1.172,10.0.1.150,58107,1111,496.0,186.0,236434.0,78811.0,0.0,0.0,4.195667,2.3515,0.0,0.0,3.275936,2.3165,310,66,60,60,0.012587000000000001,1,7.0,682.0,315246.0,0,0.0,0.0,0.0,476.682,84:3a:4b:0f:5b:94,b8:ca:3a:cf:0b:87,19,28.9,93,91,0,0,96,13,0.32,0
   ->, e        ,10.0.1.172,10.0.1.150,58112,1111,496.0,186.0,236886.0,78962.0,0.0,0.0,4.187667,2.895,0.0,0.0,3.002758,2.835,310,66,60,60,0.012563,1,7.0,682.0,315848.0,0,0.0,0.0,0.0,477.593,84:3a:4b:0f:5b:94,b8:ca:3a:cf:0b:87,20,28.9,94,88,0,0,96,13,0.32,0
   ->, e        ,10.0.1.172,10.0.1.150,58114,1111,496.0,186.0,217799.0,72600.0,0.0,0.0,4.554667,3.3145,0.0,0.0,2.039511,3.3095,310,66,60,60,0.013663999999999999,1,7.0,682.0,290398.0,0,0.0,0.0,0.0,439.11,84:3a:4b:0f:5b:94,b8:ca:3a:cf:0b:87,21,28.9,94,88,0,0,89,13,0.32,0
   ->, e        ,10.0.1.172,10.0.1.150,58118,1111,496.0,186.0,236134.0,78711.0,0.0,0.0,4.201,2.8515,0.0,0.0,2.075529,2.7465,310,66,60,60,0.012603,1,7.0,682.0,314846.0,0,0.0,0.0,0.0,476.077,84:3a:4b:0f:5b:94,b8:ca:3a:cf:0b:87,22,28.9,94,88,0,0,87,13,0.32,0
   ->, e        ,10.0.1.172,10.0.1.150,58122,1111,496.0,186.0,257373.0,85791.0,0.0,0.0,3.854333,2.358,0.0,0.0,2.878493,2.324,310,66,60,60,0.011563,1,7.0,682.0,343164.0,0,0.0,0.0,0.0,518.896,84:3a:4b:0f:5b:94,b8:ca:3a:cf:0b:87,23,28.9,94,88,0,0,86,13,0.26,0
   ->, e        ,10.0.1.172,10.0.1.150,58133,1111,496.0,186.0,236585.0,78862.0,0.0,0.0,4.193,2.8745,0.0,0.0,3.008083,2.7955,310,66,60,60,0.012579,1,7.0,682.0,315446.0,0,0.0,0.0,0.0,476.985,84:3a:4b:0f:5b:94,b8:ca:3a:cf:0b:87,24,28.9,94,88,0,0,88,13,0.26,0
   ->, e        ,10.0.1.172,10.0.1.150,58137,1111,496.0,186.0,236397.0,78799.0,0.0,0.0,4.196333,2.824,0.0,0.0,3.018792,2.765,310,66,60,60,0.012589,1,7.0,682.0,315196.0,0,0.0,0.0,0.0,476.607,84:3a:4b:0f:5b:94,b8:ca:3a:cf:0b:87,25,28.9,95,93,0,0,88,13,0.26,0
   ->, e        ,10.0.1.172,10.0.1.150,58138,1111,496.0,186.0,217799.0,72600.0,0.0,0.0,4.554667,2.843,0.0,0.0,3.3797620000000004,2.782,310,66,60,60,0.013663999999999999,1,7.0,682.0,290398.0,0,0.0,0.0,0.0,439.11,84:3a:4b:0f:5b:94,b8:ca:3a:cf:0b:87,26,28.9,95,93,0,0,91,13,0.30,0
   ->, e        ,10.0.1.172,10.0.1.150,58142,1111,496.0,186.0,242661.0,80887.0,0.0,0.0,4.088,2.382,0.0,0.0,3.124009,2.343,310,66,60,60,0.012264,1,7.0,682.0,323549.0,0,0.0,0.0,0.0,489.237,84:3a:4b:0f:5b:94,b8:ca:3a:cf:0b:87,27,28.9,96,94,0,0,91,13,0.30,0
   ->, e        ,10.0.1.172,10.0.1.150,58143,1111,496.0,186.0,205426.0,68475.0,0.0,0.0,4.829,4.1415,0.0,0.0,3.491161,4.0995,310,66,60,60,0.014487,1,7.0,682.0,273901.0,0,0.0,0.0,0.0,414.164,84:3a:4b:0f:5b:94,b8:ca:3a:cf:0b:87,28,28.9,96,94,0,0,95,13,0.30,0
   ->, e        ,10.0.1.172,10.0.1.150,58147,1111,496.0,186.0,279332.0,93111.0,0.0,0.0,3.551333,2.2865,0.0,0.0,2.603284,2.1865,310,66,60,60,0.010654,1,7.0,682.0,372442.0,0,0.0,0.0,0.0,563.169,84:3a:4b:0f:5b:94,b8:ca:3a:cf:0b:87,29,28.9,97,96,0,0,95,13,0.30,0
   ->, e        ,10.0.1.172,10.0.1.150,58151,1111,496.0,186.0,203209.0,67736.0,0.0,0.0,4.881667,3.3545,0.0,0.0,2.614375,3.2585,310,66,60,60,0.014644999999999998,1,7.0,682.0,270946.0,0,0.0,0.0,0.0,409.696,84:3a:4b:0f:5b:94,b8:ca:3a:cf:0b:87,30,28.9,97,97,0,0,95,13,0.30,0
   ->, e        ,10.0.1.172,10.0.1.150,58155,1111,496.0,186.0,240194.0,80065.0,0.0,0.0,4.13,2.219,0.0,0.0,3.273952,2.185,310,66,60,60,0.01239,1,7.0,682.0,320258.0,0,0.0,0.0,0.0,484.262,84:3a:4b:0f:5b:94,b8:ca:3a:cf:0b:87,31,28.9,97,97,0,0,95,13,0.26,0
   ->, e        ,10.0.1.172,10.0.1.150,58159,1111,496.0,186.0,242582.0,80861.0,0.0,0.0,4.089333,3.67,0.0,0.0,0.999026,3.611,310,66,60,60,0.012268000000000001,1,7.0,682.0,323443.0,0,0.0,0.0,0.0,489.077,84:3a:4b:0f:5b:94,b8:ca:3a:cf:0b:87,32,28.9,98,97,0,0,95,13,0.26,0
   ->, e        ,10.0.1.172,10.0.1.150,58160,1111,496.0,186.0,220673.0,73558.0,0.0,0.0,4.4953330000000005,3.889,0.0,0.0,3.251598,3.81,310,66,60,60,0.013486000000000001,1,7.0,682.0,294231.0,0,0.0,0.0,0.0,444.906,84:3a:4b:0f:5b:94,b8:ca:3a:cf:0b:87,33,28.9,98,97,0,0,95,0,0.26,0
   ->, e        ,10.0.1.172,10.0.1.150,58164,1111,496.0,186.0,188211.0,62737.0,0.0,0.0,5.2706669999999995,2.832,0.0,0.0,3.517906,2.762,310,66,60,60,0.015812,1,7.0,682.0,250949.0,0,0.0,0.0,0.0,379.459,84:3a:4b:0f:5b:94,b8:ca:3a:cf:0b:87,34,28.9,98,97,0,0,89,0,0.26,0
   ->, e        ,10.0.1.172,10.0.1.150,58165,1111,496.0,186.0,282219.0,94073.0,0.0,0.0,3.515,2.8455,0.0,0.0,1.173986,2.7505,310,66,60,60,0.010545,1,7.0,682.0,376292.0,0,0.0,0.0,0.0,568.99,84:3a:4b:0f:5b:94,b8:ca:3a:cf:0b:87,35,28.9,98,95,0,0,89,0,0.26,0
   ->, e        ,10.0.1.172,10.0.1.150,58170,1111,496.0,186.0,220608.0,73536.0,0.0,0.0,4.4966669999999995,2.9095,0.0,0.0,3.2956849999999998,2.8055,310,66,60,60,0.01349,1,7.0,682.0,294144.0,0,0.0,0.0,0.0,444.774,84:3a:4b:0f:5b:94,b8:ca:3a:cf:0b:87,36,28.9,98,95,0,0,84,0,0.26,0
   ->, e        ,10.0.1.172,10.0.1.150,58172,1111,496.0,186.0,182577.0,60859.0,0.0,0.0,5.433333,4.159,0.0,0.0,3.8387290000000003,4.095,310,66,60,60,0.0163,1,7.0,682.0,243436.0,0,0.0,0.0,0.0,368.098,84:3a:4b:0f:5b:94,b8:ca:3a:cf:0b:87,37,28.9,98,95,138,78,84,0,0.26,0
   ->, e        ,10.0.1.172,10.0.1.150,58174,1111,496.0,186.0,255494.0,85165.0,0.0,0.0,3.8826669999999996,2.805,0.0,0.0,2.7541889999999998,2.703,310,66,60,60,0.011648,1,7.0,682.0,340659.0,0,0.0,0.0,0.0,515.11,84:3a:4b:0f:5b:94,b8:ca:3a:cf:0b:87,38,28.9,99,94,138,78,84,0,0.26,0
   ->, e        ,10.0.1.172,10.0.1.150,58179,1111,496.0,186.0,237113.0,79038.0,0.0,0.0,4.183667,3.3395,0.0,0.0,2.8705220000000002,3.1385,310,66,60,60,0.012551,1,7.0,682.0,316150.0,0,0.0,0.0,0.0,478.05,84:3a:4b:0f:5b:94,b8:ca:3a:cf:0b:87,39,28.9,99,93,138,78,84,0,0.26,0
   ->, e        ,10.0.1.172,10.0.1.150,58183,1111,496.0,186.0,221445.0,73815.0,0.0,0.0,4.479667,3.276,0.0,0.0,2.0280970000000003,3.216,310,66,60,60,0.013438999999999998,1,7.0,682.0,295260.0,0,0.0,0.0,0.0,446.462,84:3a:4b:0f:5b:94,b8:ca:3a:cf:0b:87,40,28.9,99,90,138,78,84,0,0.26,0
   ->, e        ,10.0.1.172,10.0.1.150,58188,1111,496.0,186.0,181022.0,60341.0,0.0,0.0,5.48,3.473,0.0,0.0,3.110143,3.401,310,66,60,60,0.01644,1,7.0,682.0,241363.0,0,0.0,0.0,0.0,364.964,84:3a:4b:0f:5b:94,b8:ca:3a:cf:0b:87,41,28.9,98,91,138,78,84,0,0.26,0
   ->, e        ,10.0.1.172,10.0.1.150,58190,1111,496.0,186.0,226209.0,75403.0,0.0,0.0,4.385333,2.827,0.0,0.0,3.043907,2.708,310,66,60,60,0.013156000000000001,1,7.0,682.0,301611.0,0,0.0,0.0,0.0,456.066,84:3a:4b:0f:5b:94,b8:ca:3a:cf:0b:87,42,28.9,98,91,138,78,87,0,0.26,0
   ->, e        ,10.0.1.172,10.0.1.150,58192,1111,496.0,186.0,237605.0,79202.0,0.0,0.0,4.175,2.3445,0.0,0.0,3.257269,2.3085,310,66,60,60,0.012525,1,7.0,682.0,316806.0,0,0.0,0.0,0.0,479.042,84:3a:4b:0f:5b:94,b8:ca:3a:cf:0b:87,43,28.9,96,93,138,78,87,0,0.26,0
   ->, e        ,10.0.1.172,10.0.1.150,58196,1111,496.0,186.0,257796.0,85932.0,0.0,0.0,3.848,2.3295,0.0,0.0,2.893009,2.2885,310,66,60,60,0.011544,1,7.0,682.0,343728.0,0,0.0,0.0,0.0,519.75,84:3a:4b:0f:5b:94,b8:ca:3a:cf:0b:87,44,28.8,96,93,138,78,87,0,0.26,0
   ->, e        ,10.0.1.172,10.0.1.150,58198,1111,496.0,186.0,221626.0,73875.0,0.0,0.0,4.476,2.8185,0.0,0.0,3.32272,2.6685,310,66,60,60,0.013428,1,7.0,682.0,295502.0,0,0.0,0.0,0.0,446.828,84:3a:4b:0f:5b:94,b8:ca:3a:cf:0b:87,45,28.8,96,92,138,78,87,0,0.26,0
   ->, e        ,10.0.1.172,10.0.1.150,58200,1111,496.0,186.0,258512.99999999997,86171.0,0.0,0.0,3.837333,2.2825,0.0,0.0,2.878129,2.2655,310,66,60,60,0.011512,1,7.0,682.0,344684.0,0,0.0,0.0,0.0,521.195,84:3a:4b:0f:5b:94,b8:ca:3a:cf:0b:87,46,28.8,96,92,138,78,87,0,0.34,0
   ->, e        ,10.0.1.172,10.0.1.150,58206,1111,496.0,186.0,229276.0,76425.0,0.0,0.0,4.326667,3.1065,0.0,0.0,3.073281,3.0725,310,66,60,60,0.012980000000000002,1,7.0,682.0,305701.0,0,0.0,0.0,0.0,462.25,84:3a:4b:0f:5b:94,b8:ca:3a:cf:0b:87,47,28.8,95,88,138,78,87,0,0.34,0
   ->, e        ,10.0.1.172,10.0.1.150,58208,1111,496.0,186.0,130332.0,43444.0,0.0,0.0,7.611333,7.931,0.0,0.0,6.469118,7.895,310,66,60,60,0.022834,1,7.0,682.0,173776.0,0,0.0,0.0,0.0,262.766,84:3a:4b:0f:5b:94,b8:ca:3a:cf:0b:87,48,28.8,95,88,138,78,84,0,0.34,0
   ->, e        ,10.0.1.172,10.0.1.150,58210,1111,496.0,186.0,241539.0,80513.0,0.0,0.0,4.107,2.167,0.0,0.0,3.2885410000000004,2.125,310,66,60,60,0.012320999999999999,1,7.0,682.0,322052.0,0,0.0,0.0,0.0,486.973,84:3a:4b:0f:5b:94,b8:ca:3a:cf:0b:87,49,28.8,95,86,138,78,84,0,0.34,0
