srcip,dstip,spkts,dur,sbytes,dbytes,Dpkts,sttl,dttl,sload,proto,sloss,dloss,sinpkt,dinpkt,sjit,djit,swin,stcpb,dtcpb,dsport,dst_ip_bytes,synack,ackdat,smean,dmean,trans_depth,response_body_len,ct_srv_src,ct_state_ttl,ct_dst_ltm,ct_src_dport_ltm,ct_dst_sport_ltm,ct_dst_src_ltm,is_ftp_login,ct_ftp_cmd,ct_flw_http_mthd,ct_src_ltm,ct_srv_dst,is_sm_ips_ports,,attack_cat,label,Stime
59.166.0.9,149.171.126.7,FIN,0.201886,37552,3380,31,29,18,8,smtp,1459437.5,130766.8672,52,42,255,255,1422136554,3572668484,722,80,0,0,456.043567,15.530109,1424250009,1424250009,3.943843,4.912488,0.00059,0.000473,0.000117,0,0,,, ,2,2,7,4,Normal,0,195555552
175.45.176.1,149.171.126.11,INT,0.000009,440,0,254,0,0,0,-,195555552,0,2,0,0,0,0,0,220,0,0,0,0,0,1424250010,1424250010,0.009,0,0,0,0,0,2,,, ,1,1,1,1,DoS,1,195555552
175.45.176.1,149.171.126.11,INT,0.000009,440,0,254,0,0,0,-,195555552,0,2,0,0,0,0,0,220,0,0,0,0,0,1424250010,1424250010,0.009,0,0,0,0,0,2,,, ,1,1,1,1,DoS,1,195555552
175.45.176.1,149.171.126.11,INT,0.000009,440,0,254,0,0,0,-,195555552,0,2,0,0,0,0,0,220,0,0,0,0,0,1424250010,1424250010,0.009,0,0,0,0,0,2,,, ,1,1,1,1,DoS,1,195555552
175.45.176.1,149.171.126.11,INT,0.000009,440,0,254,0,0,0,-,195555552,0,2,0,0,0,0,0,220,0,0,0,0,0,1424250010,1424250010,0.009,0,0,0,0,0,2,,, ,1,1,1,1,DoS,1,39110.18359
175.45.176.2,149.171.126.12,FIN,1.398715,7058,9826,254,252,13,13,http,39110.18359,54329.86719,32,30,255,255,344430424,1982150237,221,328,1,98,2161.334373,56.216523,1424250042,1424250043,45.119838,47.574551,0.058303,0.009852,0.048451,0,1,1,, ,2,1,1,1,DoS,1,13615.21094
175.45.176.2,149.171.126.11,INT,1.586461,2858,0,254,0,0,0,-,13615.21094,0,18,0,0,0,0,0,159,0,0,0,171.851906,0,1424250061,1424250063,93.321234,0,0,0,0,0,2,,, ,1,1,1,1,DoS,1,13615.21094
175.45.176.2,149.171.126.11,INT,1.586461,2858,0,254,0,0,0,-,13615.21094,0,18,0,0,0,0,0,159,0,0,0,171.851906,0,1424250061,1424250063,93.321234,0,0,0,0,0,2,,, ,1,1,1,1,DoS,1,13615.21094
175.45.176.2,149.171.126.11,INT,1.586461,2858,0,254,0,0,0,-,13615.21094,0,18,0,0,0,0,0,159,0,0,0,171.851906,0,1424250061,1424250063,93.321234,0,0,0,0,0,2,,, ,1,1,1,1,DoS,1,13615.21094
175.45.176.2,149.171.126.11,INT,1.586461,2858,0,254,0,0,0,-,13615.21094,0,18,0,0,0,0,0,159,0,0,0,171.851906,0,1424250061,1424250063,93.321234,0,0,0,0,0,2,,, ,1,1,1,1,DoS,1,13615.21094
175.45.176.2,149.171.126.11,INT,1.586461,2858,0,254,0,0,0,-,13615.21094,0,18,0,0,0,0,0,159,0,0,0,171.851906,0,1424250061,1424250063,93.321234,0,0,0,0,0,2,,, ,1,1,1,1,DoS,1,13615.21094
175.45.176.2,149.171.126.11,INT,1.586461,2858,0,254,0,0,0,-,13615.21094,0,18,0,0,0,0,0,159,0,0,0,171.851906,0,1424250061,1424250063,93.321234,0,0,0,0,0,2,,, ,1,1,1,1,DoS,1,13615.21094
175.45.176.2,149.171.126.11,INT,1.586461,2858,0,254,0,0,0,-,13615.21094,0,18,0,0,0,0,0,159,0,0,0,171.851906,0,1424250061,1424250063,93.321234,0,0,0,0,0,2,,, ,1,1,1,1,DoS,1,767994.25
175.45.176.3,149.171.126.12,FIN,0.157147,15880,268,254,252,7,1,http,767994.25,11403.33496,20,6,255,255,3446260647,513276937,794,45,1,0,608.950794,49.283172,1424250080,1424250080,7.562158,29.978,0.05151,0.007248,0.044262,0,1,1,, ,1,1,1,1,DoS,1,31040.4668
175.45.176.3,149.171.126.12,FIN,0.202832,874,268,254,252,2,1,http,31040.4668,8834.897461,10,6,255,255,249958186,1954270289,87,45,1,0,1118.428044,49.503172,1424250093,1424250093,20.609444,33.16,0.08465,0.037026,0.047624,0,1,1,, ,1,1,1,1,DoS,1,23798.25391
175.45.176.3,149.171.126.11,FIN,0.24506,810,3882,62,252,2,3,http,23798.25391,114061.8672,10,10,255,255,1783893040,2600802403,81,388,1,1490,1455.62267,1369.386552,1424250119,1424250119,27.228889,17.518222,0.101262,0.05524,0.046022,0,1,1,, ,1,1,1,1,DoS,1,23331.00195
175.45.176.2,149.171.126.12,FIN,0.258883,838,2404,62,252,2,2,http,23331.00195,65017.78906,10,8,255,255,1554193257,3227236606,84,301,1,779,1529.70783,62.127727,1424250166,1424250167,28.764778,33.726145,0.06656,0.015303,0.051257,0,1,1,, ,3,1,1,1,DoS,1,24612.31445
175.45.176.0,149.171.126.10,FIN,0.272709,932,1022,62,252,2,2,http,24612.31445,26255.0918,10,8,255,255,4200561532,2441563309,93,128,1,99,1525.306962,54.885195,1424250224,1424250224,30.301,37.475145,0.05647,0.009739,0.046731,0,1,1,, ,1,1,1,1,DoS,1,9688.175781
175.45.176.0,149.171.126.10,FIN,0.535911,698,914,62,252,4,5,ftp,9688.175781,12673.74609,14,14,255,255,1122473181,2036752299,50,65,0,0,2057.341041,50.107098,1424250224,1424250225,41.223923,38.825617,0.063677,0.016208,0.047469,0,1,,, ,1,1,1,1,DoS,1,54421.76953
175.45.176.1,149.171.126.11,CON,0.009408,128,236,62,252,0,0,dns,54421.76953,100340.1406,2,2,0,0,0,0,64,118,0,0,0,0,1424250228,1424250228,0.009,0.003,0,0,0,0,3,,, ,1,1,1,1,DoS,1,20839.375
175.45.176.0,149.171.126.11,FIN,0.193096,558,268,254,252,2,1,http,20839.375,9280.358398,10,6,255,255,3491564037,3880923678,56,45,1,0,1027.601226,60.645777,1424250251,1424250251,19.431778,36.968199,0.054701,0.008248,0.046453,0,1,1,, ,1,1,1,1,DoS,1,20826.73633
175.45.176.0,149.171.126.10,FIN,0.268501,776,1186,62,252,2,2,-,20826.73633,30927.25781,10,8,255,255,3465804045,929101053,78,148,1,0,1469.641655,53.480066,1424250292,1424250292,29.833444,37.071,0.054732,0.00838,0.046352,0,1,4,, ,1,1,2,2,DoS,1,20826.73633
175.45.176.0,149.171.126.10,FIN,0.268501,776,1186,62,252,2,2,http,20826.73633,30927.25781,10,8,255,255,3465804045,929101053,78,148,1,0,1469.641655,53.480066,1424250292,1424250292,29.833444,37.071,0.054732,0.00838,0.046352,0,1,4,, ,3,1,2,2,DoS,1,31812.58203
175.45.176.3,149.171.126.11,FIN,0.277626,1204,2000,254,252,3,2,-,31812.58203,50427.55078,12,8,255,255,231450810,2521080091,100,250,0,0,1294.923479,56.940168,1424250349,1424250350,24.174636,38.66643,0.052192,0.006957,0.045235,0,1,,, ,1,2,1,1,DoS,1,70227.07031
175.45.176.1,149.171.126.10,FIN,0.195708,1908,268,254,252,2,1,-,70227.07031,9156.498047,10,6,255,255,4269979708,4160819181,191,45,0,0,1076.601496,64.62693,1424250360,1424250360,20.056333,37.490602,0.055916,0.008246,0.04767,0,1,,, ,2,1,1,1,DoS,1,25492.56641
175.45.176.3,149.171.126.12,FIN,0.52125,1812,530,254,252,3,3,-,25492.56641,7320.863281,12,10,255,255,2129479386,1538780993,151,53,0,0,2355.066767,63.048109,1424250400,1424250401,43.778183,53.738109,0.08136,0.037598,0.043762,0,1,,, ,1,1,1,1,DoS,1,18614.13477
175.45.176.1,149.171.126.12,FIN,0.319757,826,1984,62,252,2,2,http,18614.13477,43432.98047,10,8,255,255,1631360169,2090973534,83,248,1,592,1749.726147,61.659871,1424250444,1424250444,35.528556,43.881145,0.062549,0.011918,0.050631,0,1,1,, ,1,1,1,1,DoS,1,17513.34375
175.45.176.1,149.171.126.11,FIN,0.351275,854,268,254,252,2,1,-,17513.34375,5101.416504,10,6,255,255,1604566265,3362312753,85,45,0,0,1789.059604,77.402445,1424250575,1424250576,34.504111,56.197,0.098042,0.070286,0.027756,0,1,,, ,1,1,1,1,DoS,1,21103.15234
175.45.176.1,149.171.126.12,FIN,0.285455,836,1538,62,252,2,2,http,21103.15234,37722.23438,10,8,255,255,3052964288,2629525557,84,192,1,326,1559.47418,57.128996,1424250625,1424250625,31.717222,39.379,0.059661,0.009038,0.050623,0,1,1,, ,2,1,1,1,DoS,1,29238.46875
175.45.176.0,149.171.126.10,FIN,0.207398,842,11350,62,252,2,5,http,29238.46875,406561.3125,10,14,255,255,432822150,1004825042,84,811,1,5126,1179.546066,1441.325303,1424250626,1424250626,23.044222,14.582001,0.056225,0.010048,0.046177,0,1,1,, ,2,1,1,1,DoS,1,18123.35352
175.45.176.3,149.171.126.12,FIN,0.186279,468,268,254,252,2,1,-,18123.35352,9619.978516,10,6,255,255,1607562208,3995471389,47,45,0,0,1025.435044,61.716918,1424250641,1424250641,19.142222,35.806199,0.05411,0.007239,0.046871,0,1,,, ,1,1,1,1,DoS,1,16137.44141
175.45.176.3,149.171.126.10,FIN,0.249358,548,0,20,252,3,1,-,16137.44141,7186.455078,12,6,255,255,100387221,563109727,46,45,0,0,1069.866504,82.625328,1424250648,1424250649,21.576545,48.301398,0.053685,0.007846,0.045839,0,1,,, ,1,1,1,1,DoS,1,706814.5
175.45.176.0,149.171.126.12,FIN,0.37714,34330,354,254,252,14,1,http,706814.5,6575.807617,34,8,255,255,1914122933,772614733,1010,44,1,0,1206.913301,71.96757,1424250706,1424250707,11.428485,52.845145,0.052081,0.006054,0.046027,0,1,1,, ,1,1,1,1,DoS,1,12195.70313
175.45.176.3,149.171.126.12,FIN,0.525431,890,354,254,252,2,1,http,12195.70313,4719.935059,10,8,255,255,3177885001,2414480739,89,44,1,0,3634.479209,118.164242,1424250730,1424250731,56.090444,68.154711,0.112048,0.04834,0.063708,0,1,1,, ,1,1,2,1,DoS,1,10499.6543
175.45.176.3,149.171.126.12,FIN,0.585924,854,1622,254,252,2,2,http,10499.6543,19934.32422,10,10,255,255,2972014963,2269979394,85,162,1,342,4023.551972,114.284922,1424250768,1424250768,65.102667,58.916445,0.106714,0.054639,0.052075,0,1,1,, ,1,2,1,1,DoS,1,9890.84668
175.45.176.2,149.171.126.12,FIN,1.783467,2250,272136,62,252,7,111,pop3,9890.84668,1215304.75,50,226,255,255,2002324038,3830349293,45,1204,0,0,1911.878946,846.482699,1424250855,1424250857,36.397286,7.834556,0.045823,0.019896,0.025927,0,1,,, ,1,1,1,1,DoS,1,81333328
175.45.176.2,149.171.126.12,INT,0.000006,122,0,254,0,0,0,dns,81333328,0,2,0,0,0,0,0,61,0,0,0,0,0,1424250906,1424250906,0.006,0,0,0,0,0,2,,, ,1,1,1,1,DoS,1,24645.69727
175.45.176.2,149.171.126.12,FIN,0.246047,842,15814,62,252,2,7,http,24645.69727,485630.7813,10,18,255,255,3733367638,2636836904,84,879,1,7296,1301.960437,1334.692512,1424250972,1424250973,27.338556,14.075411,0.059019,0.006086,0.052933,0,1,1,, ,1,1,1,1,DoS,1,22911.91406
175.45.176.3,149.171.126.12,FIN,0.260825,830,1236,62,252,2,2,http,22911.91406,33187,10,8,255,255,1192942253,3744907943,83,155,1,204,1423.067861,55.291758,1424250993,1424250994,28.980556,35.005145,0.053697,0.015061,0.038636,0,1,1,, ,1,1,1,1,DoS,1,156452.4063
175.45.176.2,149.171.126.12,FIN,0.985501,19823,1814,254,252,14,8,smtp,156452.4063,14059.85352,36,22,255,255,2769927079,3907403392,551,82,0,0,2087.50897,98.469383,1424251059,1424251060,28.157171,45.971047,0.035912,0.019461,0.016451,0,1,,, ,1,1,2,1,DoS,1,30333.61914
175.45.176.3,149.171.126.12,FIN,0.199119,838,8554,62,252,2,4,http,30333.61914,315067.875,10,12,255,255,1228546674,3944172338,84,713,1,3774,1135.965149,1471.568962,1424251073,1424251074,22.124333,15.984908,0.062398,0.016782,0.045616,0,1,1,, ,1,1,1,1,DoS,1,981597
175.45.176.3,149.171.126.11,FIN,1.863225,229813,2878,254,252,93,8,smtp,981597,12077.9834,192,44,255,255,792190519,906590133,1197,65,0,0,1199.492138,68.090539,1424251095,1424251097,9.805831,42.691836,0.042597,0.027475,0.015122,0,1,,, ,1,1,1,1,DoS,1,17360.67969
175.45.176.2,149.171.126.12,FIN,0.911485,2082,1402,62,252,7,8,smtp,17360.67969,11690.8125,20,20,255,255,1670161008,2750197537,104,70,0,0,2289.046326,51.400367,1424251123,1424251123,47.972894,45.438156,0.072771,0.047364,0.025407,0,1,,, ,1,1,1,1,DoS,1,7793.212402
175.45.176.1,149.171.126.11,FIN,1.227735,1248,64266,62,252,6,29,-,7793.212402,412010.7188,24,62,255,255,3159647277,2493689209,52,1037,0,0,2604.899716,1592.992712,1424251130,1424251131,53.379783,19.705639,0.0792,0.024907,0.054293,0,1,,, ,1,1,1,1,DoS,1,24414.60742
175.45.176.3,149.171.126.12,FIN,0.795917,2556,2338,254,252,7,7,-,24414.60742,22203.32031,20,18,255,255,2112938006,1309919974,128,130,0,0,2058.149605,56.431004,1424251166,1424251167,41.890369,46.094883,0.052043,0.006673,0.04537,0,1,,, ,1,1,2,2,DoS,1,18075.04688
175.45.176.2,149.171.126.11,FIN,0.312475,784,1566,62,252,2,2,http,18075.04688,35100.41016,10,8,255,255,3776835607,2446820744,78,196,1,366,1704.034295,62.939391,1424251191,1424251191,34.719444,42.87657,0.076421,0.011624,0.064797,0,1,1,, ,1,1,1,1,DoS,1,26897.76758
175.45.176.1,149.171.126.10,FIN,1.17928,4153,1756,254,252,8,8,smtp,26897.76758,11322.16211,22,20,255,255,723435256,3334272908,189,88,0,0,3153.247597,88.778133,1424251257,1424251258,56.156191,57.999473,0.114843,0.058065,0.056778,0,1,,, ,1,1,1,3,DoS,1,18034.22266
175.45.176.3,149.171.126.11,FIN,0.428075,1072,1044,254,252,2,2,http,18034.22266,17081.11914,10,8,255,255,3669215101,1298749870,107,131,1,98,2351.217436,82.103867,1424251311,1424251312,47.563889,53.032145,0.078295,0.056131,0.022164,0,1,1,, ,2,1,1,1,DoS,1,150857136
175.45.176.3,149.171.126.10,INT,0.000007,264,0,254,0,0,0,-,150857136,0,2,0,0,0,0,0,132,0,0,0,0,0,1424251316,1424251316,0.007,0,0,0,0,0,2,,, ,2,1,1,1,DoS,1,12237.60059
175.45.176.3,149.171.126.10,FIN,0.507289,862,268,254,252,2,1,http,12237.60059,3532.503174,10,6,255,255,218015608,1846537417,86,45,1,0,2779.506587,134.681578,1424251327,1424251328,56.258,94.373797,0.074706,0.035419,0.039287,0,1,1,, ,1,1,1,1,DoS,1,79567.79688
175.45.176.3,149.171.126.12,FIN,0.539012,5848,428,254,252,3,2,ftp,79567.79688,5565.73877,12,8,255,255,1869927690,3877606130,487,54,0,0,2959.239959,85.184156,1424251355,1424251356,46.440727,64.172855,0.165874,0.089795,0.076079,0,1,,, ,1,1,1,2,DoS,1,8703.515625
175.45.176.3,149.171.126.10,FIN,0.659044,796,2086,62,252,2,2,http,8703.515625,22165.43945,10,8,255,255,703148414,1264937752,80,261,1,629,4265.082352,146.930328,1424251378,1424251379,73.139778,87.533141,0.110198,0.046304,0.063894,0,1,1,, ,1,1,1,1,DoS,1,5190.069824
175.45.176.1,149.171.126.10,FIN,1.50287,1032,3284,62,252,6,7,-,5190.069824,16608.22266,18,20,255,255,533941496,2761511846,57,164,0,0,4859.148395,96.859,1424251396,1424251398,88.404118,75.536156,0.064295,0.030875,0.03342,0,1,,, ,4,1,1,2,DoS,1,3949.598145
175.45.176.3,149.171.126.12,FIN,2.015395,1042,2686,62,252,7,8,pop3,3949.598145,10130.02441,22,20,255,255,539069320,524307943,47,134,0,0,4804.771097,143.856375,1424251424,1424251426,95.97119,102.045523,0.183284,0.076037,0.107247,0,1,,, ,1,1,1,1,DoS,1,1105760.125
175.45.176.0,149.171.126.10,CON,59.997837,8294226,41232,254,252,3129,6,smtp,1105760.125,5492.064453,6262,946,255,255,3580646051,843846447,1325,44,0,0,1419.719292,91.59325,1424251370,1424251430,9.598137,63.371707,0.094097,0.044689,0.049408,0,0,,, ,1,1,1,1,DoS,1,1166788.625
175.45.176.0,149.171.126.10,FIN,43.637218,6365750,31360,254,252,2401,2,smtp,1166788.625,5741.337402,4806,724,255,255,3584667493,843846735,1325,43,0,0,1132.072354,69.061086,1424251430,1424251474,9.117024,60.716348,0.094097,0.044689,0.049408,0,1,,, ,1,1,1,1,DoS,1,9622.820312
175.45.176.3,149.171.126.12,CON,0.058195,140,950,254,60,0,0,dns,9622.820312,65297.70703,2,2,0,0,0,0,70,475,0,0,0,0,1424251480,1424251480,0.018,0.01,0,0,0,0,0,,, ,1,1,1,1,DoS,1,345142848
175.45.176.0,149.171.126.10,INT,0.000007,604,0,254,0,0,0,-,345142848,0,2,0,0,0,0,0,302,0,0,0,0,0,1424251560,1424251560,0.007,0,0,0,0,0,2,,, ,3,1,1,1,DoS,1,5994.537109
175.45.176.3,149.171.126.11,FIN,1.158388,964,2324,62,252,2,2,http,5994.537109,14447.66309,10,10,255,255,1245825386,3254319916,96,232,1,692,7350.006495,203.810828,1424251609,1424251610,128.709778,117.662891,0.186327,0.098786,0.087541,0,1,1,, ,1,1,1,1,DoS,1,2206.377686
175.45.176.0,149.171.126.10,FIN,2.625117,804,1166,62,252,2,2,http,2206.377686,3199.857422,10,10,255,255,3585555460,722791159,80,117,1,113,17833.40651,499.465937,1424251614,1424251617,291.679667,283.437656,0.182222,0.073404,0.108818,0,1,1,, ,1,1,1,4,DoS,1,5474.609375
175.45.176.3,149.171.126.11,FIN,1.905524,1422,2886,254,252,3,3,http,5474.609375,11108.75488,12,12,255,255,2766408517,1724581704,119,241,1,412,8952.480817,246.610234,1424251620,1424251622,173.229455,160.074453,0.14466,0.078222,0.066438,0,1,1,, ,1,1,2,2,DoS,1,34051.39063
175.45.176.1,149.171.126.11,FIN,0.327505,1548,268,254,252,2,1,http,34051.39063,5471.672363,10,6,255,255,2519800777,559936486,155,45,1,0,1517.783077,75.576063,1424251673,1424251673,30.433444,57.151,0.090846,0.04173,0.049116,0,1,1,, ,1,1,1,1,DoS,1,8809.173828
175.45.176.1,149.171.126.12,FIN,0.686557,840,1128,62,252,2,2,http,8809.173828,11838.78418,10,10,255,255,1398597642,1141436791,84,113,1,98,4943.613487,134.224891,1424251847,1424251848,76.284111,69.873891,0.118011,0.028341,0.08967,0,1,1,, ,1,1,2,17,DoS,1,13337.88184
175.45.176.0,149.171.126.12,FIN,0.442649,820,948,62,252,2,2,http,13337.88184,15000.59863,10,8,255,255,2176882249,3189082,82,119,1,53,2595.734771,83.332758,1424251850,1424251851,49.183222,55.164285,0.113822,0.055818,0.058004,0,1,1,, ,1,1,2,1,DoS,1,623272704
175.45.176.3,149.171.126.11,INT,0.000011,1714,0,254,0,0,0,-,623272704,0,2,0,0,0,0,0,857,0,0,0,0,0,1424251971,1424251971,0.011,0,0,0,0,0,2,,, ,1,2,2,1,DoS,1,535.588135
175.45.176.1,149.171.126.10,CON,1.000769,134,360,62,252,0,0,dns,535.588135,1438.893433,2,2,0,0,0,0,67,180,0,0,0,0,1424252100,1424252101,0.01,0.008,0,0,0,0,3,,, ,32,1,1,21,DoS,1,3563.132812
175.45.176.1,149.171.126.10,FIN,1.064232,526,742,62,252,2,2,dns,3563.132812,5021.461426,10,10,255,255,1716749052,1680493013,53,74,0,0,8168.950369,151.116641,1424252103,1424252104,118.248,108.801336,0.144902,0.08424,0.060662,0,1,,, ,4,1,1,2,DoS,1,7995.04248
175.45.176.3,149.171.126.11,FIN,0.729452,810,1296,62,252,2,2,http,7995.04248,12798.64844,10,10,255,255,3491446308,1741961698,81,130,1,197,5318.215459,113.998141,1424252121,1424252122,80.955444,75.464336,0.119946,0.05027,0.069676,0,1,1,, ,1,1,3,3,DoS,1,846023.25
175.45.176.3,149.171.126.12,FIN,28.024761,2965030,14888,254,252,1111,1,http,846023.25,4237.681152,2228,346,255,255,2039475922,898247598,1331,43,1,0,1470.495735,89.704141,1424252175,1424252203,12.600927,81.056508,0.140075,0.060252,0.079823,0,1,1,, ,2,1,1,3,DoS,1,772141.9375
175.45.176.1,149.171.126.11,FIN,20.685938,1997891,10674,254,252,747,1,http,772141.9375,4111.39209,1500,248,255,255,2688362576,3860746104,1332,43,1,0,1736.433953,107.230781,1424252326,1424252347,13.785892,83.080297,0.237429,0.165095,0.072334,0,1,1,, ,1,1,2,1,DoS,1,14370.44727
175.45.176.0,149.171.126.11,FIN,0.916325,1828,268,254,252,2,1,-,14370.44727,1955.638062,10,6,255,255,2832899977,2298968931,183,45,0,0,5050.825509,261.283766,1424252354,1424252355,101.813889,145.659,0.250061,0.141888,0.108173,0,1,,, ,2,3,2,1,DoS,1,6232.318359
175.45.176.2,149.171.126.10,FIN,0.922931,798,1308,62,252,2,2,http,6232.318359,10210.94727,10,10,255,255,2851435216,116624122,80,131,1,186,6580.934543,157.325547,1424252375,1424252376,102.446556,93.744219,0.184942,0.07923,0.105712,0,1,1,, ,1,2,1,1,DoS,1,23532.39063
175.45.176.2,149.171.126.11,FIN,2.876716,8775,1860,254,252,10,8,smtp,23532.39063,4913.936523,28,20,255,255,3429177858,1973478074,313,93,0,0,6692.476789,226.306344,1424252389,1424252392,106.545035,147.724,0.155192,0.06928,0.085912,0,1,,, ,1,1,1,2,DoS,1,2386.482666
175.45.176.2,149.171.126.10,FIN,2.349902,778,4034,62,252,2,3,http,2386.482666,12361.36719,10,10,255,255,772436376,3944838374,78,403,1,1569,19999.34359,22878.00045,1424252419,1424252421,261.078667,256.183778,0.121929,0.044245,0.077684,0,1,1,, ,1,1,1,3,DoS,1,297142848
175.45.176.1,149.171.126.11,INT,0.000007,520,0,254,0,0,0,-,297142848,0,2,0,0,0,0,0,260,0,0,0,0,0,1424252592,1424252592,0.007,0,0,0,0,0,2,,, ,1,1,1,1,DoS,1,89695.36719
175.45.176.2,149.171.126.10,FIN,1.711036,19765,1928,254,252,14,8,smtp,89695.36719,8607.650391,34,22,255,255,3500281827,1344737332,581,88,0,0,3283.414883,105.261781,1424252675,1424252677,51.849576,77.070383,0.152764,0.063322,0.089442,0,1,,, ,1,1,1,2,DoS,1,5052.723145
175.45.176.3,149.171.126.12,FIN,0.753653,528,268,254,252,2,1,-,5052.723145,2377.752197,10,6,255,255,2586887470,2545280143,53,45,0,0,4635.386466,240.076328,1424252737,1424252738,83.646667,138.516594,0.128717,0.061061,0.067656,0,1,,, ,3,1,1,1,DoS,1,5779.025391
175.45.176.2,149.171.126.12,FIN,6.971418,5082,916969,62,252,2,341,http,5779.025391,1050728,110,686,255,255,3871228484,1151407884,46,1337,1,444493,2979.610696,1185.529952,1424252746,1424252753,63.957962,10.01718,0.189644,0.118944,0.0707,0,1,1,, ,1,2,2,1,DoS,1,460800000
175.45.176.2,149.171.126.10,INT,0.00001,1152,0,62,0,0,0,dhcp,460800000,0,2,0,0,0,0,0,576,0,0,0,0,0,1424252843,1424252843,0.01,0,0,0,0,0,2,,, ,1,1,1,2,DoS,1,13701.43066
175.45.176.3,149.171.126.10,CON,0.23472,536,440,254,60,0,0,-,13701.43066,7498.29541,4,2,0,0,0,0,134,220,0,0,110.638172,0,1424252902,1424252902,78.24,0.004,0,0,0,0,0,,, ,1,1,1,2,DoS,1,13701.43066
175.45.176.3,149.171.126.10,CON,0.23472,536,440,254,60,0,0,-,13701.43066,7498.29541,4,2,0,0,0,0,134,220,0,0,110.638172,0,1424252902,1424252902,78.24,0.004,0,0,0,0,0,,, ,1,1,1,2,DoS,1,13701.43066
175.45.176.3,149.171.126.10,CON,0.23472,536,440,254,60,0,0,-,13701.43066,7498.29541,4,2,0,0,0,0,134,220,0,0,110.638172,0,1424252902,1424252902,78.24,0.004,0,0,0,0,0,,, ,1,1,1,2,DoS,1,13701.43066
175.45.176.3,149.171.126.10,CON,0.23472,536,440,254,60,0,0,-,13701.43066,7498.29541,4,2,0,0,0,0,134,220,0,0,110.638172,0,1424252902,1424252902,78.24,0.004,0,0,0,0,0,,, ,1,1,1,2,DoS,1,13701.43066
175.45.176.3,149.171.126.10,CON,0.23472,536,440,254,60,0,0,-,13701.43066,7498.29541,4,2,0,0,0,0,134,220,0,0,110.638172,0,1424252902,1424252902,78.24,0.004,0,0,0,0,0,,, ,1,1,1,2,DoS,1,15872.71777
175.45.176.3,149.171.126.12,FIN,0.797847,1704,898,254,252,4,4,ftp,15872.71777,8262.236328,14,12,255,255,1985145439,2132150329,122,75,0,0,3646.972677,106.716773,1424252929,1424252929,61.372846,68.11318,0.114112,0.047929,0.066183,0,1,,, ,1,1,1,2,DoS,1,542809.0625
175.45.176.3,149.171.126.11,FIN,0.23161,16542,268,254,252,7,1,http,542809.0625,7737.144531,20,6,255,255,429808513,4132404974,827,45,1,0,809.079603,48.159395,1424252967,1424252967,10.198316,37.290801,0.095682,0.045147,0.050535,0,1,1,, ,5,1,1,6,DoS,1,8148.074707
175.45.176.2,149.171.126.12,FIN,0.544914,616,268,254,252,2,1,-,8148.074707,3288.592285,10,6,255,255,597646604,3302551847,62,45,0,0,3464.357669,162.599156,1424252969,1424252970,56.639111,102.847203,0.088337,0.030668,0.057669,0,1,,, ,1,1,1,1,DoS,1,23091.79492
175.45.176.1,149.171.126.12,FIN,1.732217,5217,1896,62,252,9,8,smtp,23091.79492,8322.283203,24,20,255,255,1340508133,1464980102,217,95,0,0,4053.691799,107.35532,1424252977,1424252979,75.313784,86.758898,0.128138,0.068683,0.059455,0,1,,, ,1,1,1,1,DoS,1,12391.25488
175.45.176.0,149.171.126.10,FIN,0.48163,828,1372,254,252,2,2,http,12391.25488,19948.92383,10,8,255,255,1504953524,3909385439,83,172,1,254,2558.02983,85.580664,1424253063,1424253064,53.408667,60.18957,0.106204,0.060294,0.04591,0,1,1,, ,1,1,1,1,DoS,1,6445.137207
175.45.176.0,149.171.126.11,FIN,0.837841,750,1056,62,252,2,2,http,6445.137207,8822.676758,10,8,255,255,3800420334,2981933793,75,132,1,127,5502.409899,215.254422,1424253139,1424253140,93.093444,116.171859,0.079483,0.02394,0.055543,0,1,1,, ,1,1,1,1,DoS,1,20708.81836
175.45.176.3,149.171.126.12,FIN,0.589121,1694,268,254,252,2,1,ftp,20708.81836,3041.820068,10,6,255,255,2766596614,490367334,169,45,0,0,3849.237465,189.356969,1424253145,1424253146,64.127111,106.765203,0.076105,0.055286,0.020819,0,1,,, ,1,1,1,6,DoS,1,61501.71094
175.45.176.2,149.171.126.11,CON,32.203072,248562,1652,254,60,0,0,-,61501.71094,393.502838,250,24,0,0,0,0,994,69,0,0,190.3285,493.566937,1424253207,1424253239,129.329625,403.66975,0,0,0,0,0,,, ,1,1,1,1,DoS,1,61501.71094
175.45.176.2,149.171.126.11,CON,32.203072,248562,1652,254,60,0,0,-,61501.71094,393.502838,250,24,0,0,0,0,994,69,0,0,190.3285,493.566937,1424253207,1424253239,129.329625,403.66975,0,0,0,0,0,,, ,1,1,1,1,DoS,1,61501.71094
175.45.176.2,149.171.126.11,CON,32.203072,248562,1652,254,60,0,0,-,61501.71094,393.502838,250,24,0,0,0,0,994,69,0,0,190.3285,493.566937,1424253207,1424253239,129.329625,403.66975,0,0,0,0,0,,, ,1,1,1,1,DoS,1,61501.71094
175.45.176.2,149.171.126.11,CON,32.203072,248562,1652,254,60,0,0,-,61501.71094,393.502838,250,24,0,0,0,0,994,69,0,0,190.3285,493.566937,1424253207,1424253239,129.329625,403.66975,0,0,0,0,0,,, ,1,1,1,1,DoS,1,61501.71094
175.45.176.2,149.171.126.11,CON,32.203072,248562,1652,254,60,0,0,-,61501.71094,393.502838,250,24,0,0,0,0,994,69,0,0,190.3285,493.566937,1424253207,1424253239,129.329625,403.66975,0,0,0,0,0,,, ,1,1,1,1,DoS,1,61501.71094
175.45.176.2,149.171.126.11,CON,32.203072,248562,1652,254,60,0,0,-,61501.71094,393.502838,250,24,0,0,0,0,994,69,0,0,190.3285,493.566937,1424253207,1424253239,129.329625,403.66975,0,0,0,0,0,,, ,1,1,1,1,DoS,1,61501.71094
175.45.176.2,149.171.126.11,CON,32.203072,248562,1652,254,60,0,0,-,61501.71094,393.502838,250,24,0,0,0,0,994,69,0,0,190.3285,493.566937,1424253207,1424253239,129.329625,403.66975,0,0,0,0,0,,, ,1,1,1,1,DoS,1,149098.1563
175.45.176.3,149.171.126.11,FIN,0.188225,3826,268,254,252,3,1,http,149098.1563,9520.520508,12,6,255,255,3709289869,3394228079,319,45,1,0,948.958529,51.669059,1424253348,1424253349,15.643273,34.848602,0.042375,0.013981,0.028394,0,1,1,, ,2,1,1,1,DoS,1,23771.46484
175.45.176.2,149.171.126.10,FIN,0.248365,820,1288,62,252,2,2,http,23771.46484,36301.41016,10,8,255,255,1190998619,1681441064,82,161,1,229,1315.365694,45.097215,1424253362,1424253362,27.531111,32.492428,0.057128,0.020909,0.036219,0,1,1,, ,1,1,1,2,DoS,1,57831.11328
175.45.176.3,149.171.126.10,FIN,1.288303,9685,1890,254,252,10,8,smtp,57831.11328,11208.54297,26,22,255,255,1767556930,2807321740,373,86,0,0,3485.709386,93.899711,1424253386,1424253388,51.49128,60.472715,0.034629,0.01836,0.016269,0,1,,, ,1,1,1,1,DoS,1,21695.24609
175.45.176.3,149.171.126.12,FIN,0.311589,938,268,254,252,2,1,-,21695.24609,5751.165527,10,6,255,255,934972635,1180199035,94,45,0,0,2123.979856,88.563664,1424253391,1424253391,33.288222,52.242398,0.065927,0.050373,0.015554,0,1,,, ,1,1,1,1,DoS,1,320111.0625
175.45.176.2,149.171.126.10,FIN,0.265033,11312,268,254,252,5,1,http,320111.0625,6761.421875,16,6,255,255,2714977862,275403323,707,45,1,0,1141.715613,74.896516,1424253393,1424253393,17.668866,40.230199,0.069213,0.03634,0.032873,0,1,1,, ,1,1,1,1,DoS,1,292533.2188
175.45.176.3,149.171.126.11,FIN,0.907056,34018,1300,62,252,17,6,smtp,292533.2188,10830.64356,40,18,255,255,1675675651,2451023429,850,72,0,0,1895.920133,79.031469,1424253477,1424253478,22.196616,50.098176,0.102804,0.055378,0.047426,0,1,,, ,1,1,1,1,DoS,1,19481.83984
175.45.176.0,149.171.126.12,FIN,0.590088,1596,354,254,252,2,1,-,19481.83984,4202.762695,10,8,255,255,3265840347,3321189946,160,44,0,0,3820.66504,125.619875,1424253549,1424253550,65.565333,74.945859,0.124296,0.064589,0.059707,0,1,,, ,2,1,1,2,DoS,1,320000000
175.45.176.2,149.171.126.10,INT,0.000008,640,0,254,0,0,0,-,320000000,0,2,0,0,0,0,0,320,0,0,0,0,0,1424253574,1424253574,0.008,0,0,0,0,0,2,,, ,1,1,1,1,DoS,1,320000000
175.45.176.2,149.171.126.10,INT,0.000008,640,0,254,0,0,0,-,320000000,0,2,0,0,0,0,0,320,0,0,0,0,0,1424253574,1424253574,0.008,0,0,0,0,0,2,,, ,1,1,1,1,DoS,1,320000000
175.45.176.2,149.171.126.10,INT,0.000008,640,0,254,0,0,0,-,320000000,0,2,0,0,0,0,0,320,0,0,0,0,0,1424253574,1424253574,0.008,0,0,0,0,0,2,,, ,1,1,1,1,DoS,1,320000000
175.45.176.2,149.171.126.10,INT,0.000008,640,0,254,0,0,0,-,320000000,0,2,0,0,0,0,0,320,0,0,0,0,0,1424253574,1424253574,0.008,0,0,0,0,0,2,,, ,1,1,1,1,DoS,1,320000000
175.45.176.2,149.171.126.10,INT,0.000008,640,0,254,0,0,0,-,320000000,0,2,0,0,0,0,0,320,0,0,0,0,0,1424253574,1424253574,0.008,0,0,0,0,0,2,,, ,1,1,1,1,DoS,1,320000000
175.45.176.2,149.171.126.10,INT,0.000008,640,0,254,0,0,0,-,320000000,0,2,0,0,0,0,0,320,0,0,0,0,0,1424253574,1424253574,0.008,0,0,0,0,0,2,,, ,1,1,1,1,DoS,1,7849.51416
175.45.176.0,149.171.126.11,FIN,1.593984,1614,137054,62,252,6,58,-,7849.51416,682124.8125,32,120,255,255,3427528099,2991015570,50,1142,0,0,2901.662334,1527.8155,1424253599,1424253600,51.41884,12.933714,0.08534,0.017471,0.067869,0,1,,, ,1,2,1,1,DoS,1,11153.66406
175.45.176.2,149.171.126.11,FIN,0.512836,794,8122,62,252,2,4,http,11153.66406,116154.0938,10,12,255,255,2291394017,3808462463,79,677,1,3551,2770.432707,3084.479008,1424253640,1424253640,56.981778,40.265273,0.15285,0.069193,0.083657,0,1,1,, ,1,1,1,1,DoS,1,15308.07715
175.45.176.2,149.171.126.11,FIN,1.464325,2935,1690,62,252,8,8,smtp,15308.07715,8774.008789,22,20,255,255,1265627165,1858276845,133,85,0,0,3376.771435,88.331023,1424253645,1424253647,69.72976,75.361633,0.088552,0.031676,0.056876,0,1,,, ,1,1,1,1,DoS,1,15840.76074
175.45.176.0,149.171.126.11,FIN,0.365639,804,1372,62,252,2,2,http,15840.76074,26277.28516,10,8,255,255,1193370054,3365511049,80,172,1,272,2064.120138,57.19607,1424253740,1424253740,40.626556,38.75057,0.09134,0.046823,0.044517,0,1,1,, ,1,1,1,1,DoS,1,18214.14648
175.45.176.1,149.171.126.11,FIN,0.557369,1384,2222,254,252,3,3,http,18214.14648,28706.29688,12,10,255,255,3452328602,2762183831,115,222,1,237,2502.979992,64.546652,1424253762,1424253763,50.669908,51.973,0.083833,0.041323,0.04251,0,1,1,, ,2,1,1,19,DoS,1,187555552
175.45.176.1,149.171.126.10,INT,0.000009,422,0,254,0,0,0,-,187555552,0,2,0,0,0,0,0,211,0,0,0,0,0,1424253778,1424253778,0.009,0,0,0,0,0,2,,, ,1,1,1,18,DoS,1,7074.01416
175.45.176.0,149.171.126.10,FIN,0.833473,818,1320,62,252,2,2,http,7074.01416,11402.88867,10,10,255,255,4173362245,1335481993,82,132,1,203,6316.160791,127.733437,1424253779,1424253780,92.608111,82.609664,0.118151,0.089271,0.02888,0,1,1,, ,3,1,1,1,DoS,1,10464.06543
175.45.176.1,149.171.126.10,FIN,0.577978,840,268,62,252,2,1,-,10464.06543,3100.463867,10,6,255,255,3270122473,3648504558,84,45,0,0,2961.665528,121.823367,1424253860,1424253860,56.945667,90.195,0.170796,0.126994,0.043802,0,1,,, ,1,1,1,15,DoS,1,344000000
175.45.176.1,149.171.126.10,INT,0.000009,774,0,254,0,0,0,-,344000000,0,2,0,0,0,0,0,387,0,0,0,0,0,1424253868,1424253868,0.009,0,0,0,0,0,2,,, ,1,1,1,19,DoS,1,5358.701172
175.45.176.1,149.171.126.12,FIN,1.819844,1354,354,254,252,2,1,http,5358.701172,1362.75415,10,8,255,255,3616359227,2144297938,135,44,1,0,12426.20625,371.326406,1424253941,1424253943,196.413889,249.752,0.163921,0.071571,0.09235,0,1,1,, ,1,1,2,20,DoS,1,183993.3594
175.45.176.1,149.171.126.10,FIN,0.944295,22662,440,254,252,9,1,-,183993.3594,3354.883789,24,10,255,255,366643308,3178950769,944,44,0,0,3326.318053,150.461125,1424253956,1424253957,37.649912,96.802,0.189981,0.073069,0.116912,0,1,,, ,2,1,1,1,DoS,1,5042.365723
175.45.176.1,149.171.126.11,FIN,1.142321,800,3658,62,252,2,3,http,5042.365723,23489.01953,10,12,255,255,1251363962,3368803328,80,305,1,1339,6831.464886,7748.152347,1424254081,1424254082,126.924556,98.710999,0.148792,0.055783,0.093009,0,1,1,, ,1,1,3,2,DoS,1,6511.195801
175.45.176.3,149.171.126.11,FIN,1.129132,1002,802,254,252,3,2,-,6511.195801,5115.433594,12,10,255,255,2918191374,3310447070,84,80,0,0,5455.323721,192.612391,1424254116,1424254117,99.362453,117.085664,0.153225,0.075358,0.077867,0,1,,, ,1,5,4,1,DoS,1,3782.974121
175.45.176.3,149.171.126.11,FIN,1.526841,802,1142,62,252,2,2,http,3782.974121,5386.28418,10,10,255,255,607464934,1919693542,80,114,1,124,9595.449742,277.091469,1424254120,1424254122,169.496889,162.607219,0.177507,0.063367,0.11414,0,1,1,, ,4,1,1,2,DoS,1,1242000000
175.45.176.3,149.171.126.12,INT,0.000004,1242,0,254,0,0,0,-,1242000000,0,2,0,0,0,0,0,621,0,0,0,0,0,1424254153,1424254153,0.004,0,0,0,0,0,2,,, ,2,1,1,2,DoS,1,14597.93164
175.45.176.2,149.171.126.12,FIN,0.624746,1266,268,62,252,2,1,http,14597.93164,2868.365479,10,6,255,255,1850342777,3852047237,127,45,1,0,3818.441405,162.669219,1424254192,1424254192,69.409889,105.729797,0.15275,0.096088,0.056662,0,1,1,, ,1,1,1,2,DoS,1,78000000
175.45.176.2,149.171.126.11,INT,0.000008,156,0,254,0,0,0,-,78000000,0,2,0,0,0,0,0,78,0,0,0,0,0,1424254253,1424254253,0.008,0,0,0,0,0,2,,, ,1,1,2,1,DoS,1,78000000
175.45.176.2,149.171.126.11,INT,0.000008,156,0,254,0,0,0,-,78000000,0,2,0,0,0,0,0,78,0,0,0,0,0,1424254253,1424254253,0.008,0,0,0,0,0,2,,, ,1,1,2,1,DoS,1,78000000
175.45.176.2,149.171.126.11,INT,0.000008,156,0,254,0,0,0,-,78000000,0,2,0,0,0,0,0,78,0,0,0,0,0,1424254253,1424254253,0.008,0,0,0,0,0,2,,, ,1,1,2,1,DoS,1,78000000
175.45.176.2,149.171.126.11,INT,0.000008,156,0,254,0,0,0,-,78000000,0,2,0,0,0,0,0,78,0,0,0,0,0,1424254253,1424254253,0.008,0,0,0,0,0,2,,, ,1,1,2,1,DoS,1,78000000
175.45.176.2,149.171.126.11,INT,0.000008,156,0,254,0,0,0,-,78000000,0,2,0,0,0,0,0,78,0,0,0,0,0,1424254253,1424254253,0.008,0,0,0,0,0,2,,, ,1,1,2,1,DoS,1,78000000
175.45.176.2,149.171.126.11,INT,0.000008,156,0,254,0,0,0,-,78000000,0,2,0,0,0,0,0,78,0,0,0,0,0,1424254253,1424254253,0.008,0,0,0,0,0,2,,, ,1,1,2,1,DoS,1,78000000
175.45.176.2,149.171.126.11,INT,0.000008,156,0,254,0,0,0,-,78000000,0,2,0,0,0,0,0,78,0,0,0,0,0,1424254253,1424254253,0.008,0,0,0,0,0,2,,, ,1,1,2,1,DoS,1,28196.41797
175.45.176.3,149.171.126.12,FIN,2.65821,9743,1742,254,252,10,8,smtp,28196.41797,5004.871582,26,22,255,255,3805387777,3799726325,375,79,0,0,6248.896851,143.455125,1424254306,1424254309,105.339362,121.396812,0.232693,0.108874,0.123819,0,1,,, ,1,1,1,2,DoS,1,658285696
175.45.176.2,149.171.126.10,INT,0.000007,1152,0,254,0,0,0,dhcp,658285696,0,2,0,0,0,0,0,576,0,0,0,0,0,1424254353,1424254353,0.007,0,0,0,0,0,2,,, ,2,2,2,2,DoS,1,658285696
175.45.176.2,149.171.126.10,INT,0.000007,1152,0,254,0,0,0,dhcp,658285696,0,2,0,0,0,0,0,576,0,0,0,0,0,1424254353,1424254353,0.007,0,0,0,0,0,2,,, ,2,2,2,2,DoS,1,2626.307617
175.45.176.0,149.171.126.12,FIN,2.129225,776,1084,62,252,2,2,http,2626.307617,3667.062012,10,10,255,255,3627153279,1370529678,78,108,1,87,16186.47999,342.812031,1424254375,1424254378,236.580556,226.531438,0.177353,0.089732,0.087621,0,1,1,, ,1,1,2,1,DoS,1,4200.995117
175.45.176.3,149.171.126.10,FIN,1.011189,590,268,254,252,2,1,http,4200.995117,1772.171265,10,6,255,255,3158674368,2413930619,59,45,1,0,5775.950133,293.659875,1424254384,1424254385,106.503667,173.450406,0.279512,0.143927,0.135585,0,1,1,, ,3,2,2,1,DoS,1,10085.25391
175.45.176.3,149.171.126.10,FIN,1.12957,1518,2272,254,252,4,3,-,10085.25391,14483.3877,16,10,255,255,1202440105,2616114711,95,227,0,0,3715.129213,153.808562,1424254427,1424254428,69.451868,118.527891,0.135348,0.062815,0.072533,0,1,,, ,1,1,1,3,DoS,1,12765.31055
175.45.176.3,149.171.126.12,FIN,0.5258,932,1236,62,252,2,2,http,12765.31055,16462.5332,10,8,255,255,2607453037,170278863,93,155,1,205,2867.952777,108.342164,1424254508,1424254508,58.422222,65.043285,0.152702,0.069768,0.082934,0,1,1,, ,5,1,1,3,DoS,1,71094.28125
175.45.176.2,149.171.126.12,FIN,0.316875,3128,268,254,252,2,1,-,71094.28125,5655.226562,10,6,255,255,3262447600,3195768087,313,45,0,0,1599.393453,74.663305,1424254539,1424254540,32.546111,53.127,0.091808,0.051237,0.040571,0,1,,, ,1,1,1,3,DoS,1,10962.84961
175.45.176.1,149.171.126.12,FIN,0.47214,718,358,62,252,2,2,-,10962.84961,5320.455566,10,8,255,255,3304373369,2809009703,72,45,0,0,2723.052718,93.495984,1424254667,1424254668,52.400778,61.95,0.089099,0.038481,0.050618,0,1,,, ,4,1,1,3,DoS,1,3559.853027
175.45.176.1,149.171.126.11,FIN,2.400099,1114,3074,62,252,7,8,pop3,3559.853027,9819.594727,24,24,255,255,1752819832,2730621665,46,128,0,0,6380.603952,155.552234,1424254673,1424254675,104.352131,102.734523,0.070321,0.028303,0.042018,0,1,,, ,1,1,1,1,DoS,1,5668.623535
175.45.176.3,149.171.126.12,CON,59.972233,42538,8645430,62,252,2,3246,http,5668.623535,1153080.125,978,6494,255,255,1368257979,3074775950,43,1331,1,5242880,3010.062191,1163.841861,1424254657,1424254717,61.383977,9.23263,0.109793,0.040654,0.069139,0,3,2,, ,1,1,1,1,DoS,1,4407.18457
175.45.176.1,149.171.126.11,FIN,1.241609,760,1252,62,252,2,2,http,4407.18457,7261.54541,10,10,255,255,2179956175,157948654,76,125,1,183,7963.501102,279.042281,1424254725,1424254727,137.956556,132.588781,0.108363,0.047553,0.06081,0,1,1,, ,1,1,1,17,DoS,1,5036.296387
175.45.176.3,149.171.126.12,FIN,16.871128,10664,2166417,62,252,0,805,http,5036.296387,1026644.813,248,1622,255,255,1368258215,3078968409,43,1336,1,5242880,77.686984,1245.446261,1424254717,1424254734,68.858648,10.600343,0.109793,0.040654,0.069139,0,1,2,, ,2,1,1,1,DoS,1,8226.722656
175.45.176.2,149.171.126.10,FIN,0.69724,796,958,62,252,2,2,http,8226.722656,9626.527344,10,8,255,255,3477631929,983317436,80,120,1,69,4341.843757,167.702484,1424254745,1424254746,77.471111,93.956141,0.114731,0.038677,0.076054,0,1,1,, ,1,1,1,1,DoS,1,17124.68359
175.45.176.0,149.171.126.10,FIN,0.363452,864,2226,254,252,2,2,http,17124.68359,42877.74219,10,8,255,255,2653248745,3842544631,86,278,1,696,2124.034206,84.364367,1424254765,1424254766,40.383556,45.019285,0.087148,0.036317,0.050831,0,1,1,, ,1,1,1,1,DoS,1,10170.91309
175.45.176.2,149.171.126.11,FIN,0.603289,852,1258,254,252,2,2,http,10170.91309,14599.96777,10,8,255,255,3111061559,2088759531,85,157,1,227,4129.334091,176.250172,1424254795,1424254795,66.972222,81.79557,0.087513,0.030711,0.056802,0,1,1,, ,1,2,2,1,DoS,1,20697.41211
175.45.176.2,149.171.126.12,FIN,0.31115,878,562,254,252,3,3,-,20697.41211,13009.80176,12,10,255,255,3076935561,1774788109,73,56,0,0,1497.083758,39.348516,1424254845,1424254845,26.991272,30.478889,0.056356,0.036832,0.019524,0,1,,, ,1,1,1,1,DoS,1,7443.63916
175.45.176.0,149.171.126.10,FIN,0.744797,770,898,62,252,2,2,http,7443.63916,8442.569336,10,8,255,255,3015423927,1009749278,77,112,1,52,4443.96639,154.020125,1424254879,1424254880,82.739333,94.420859,0.164089,0.083843,0.080246,0,1,1,, ,1,1,1,1,DoS,1,1012603.063
175.45.176.0,149.171.126.12,FIN,6.513415,825740,4138,254,252,314,1,http,1012603.063,5029.619629,634,96,255,255,1336590297,2770996395,1302,43,1,0,1216.128198,77.712633,1424254896,1424254903,10.268313,68.245719,0.097567,0.030063,0.067504,0,1,1,, ,2,1,1,2,DoS,1,45182.44531
175.45.176.1,149.171.126.12,FIN,0.330925,2076,268,254,252,2,1,-,45182.44531,5415.124512,10,6,255,255,615141388,1678937545,208,45,0,0,1770.101461,82.839477,1424254971,1424254971,36.769444,55.517801,0.101902,0.052567,0.049335,0,1,,, ,1,1,1,1,DoS,1,83763.03125
175.45.176.1,149.171.126.10,FIN,0.615737,6596,354,254,252,19,1,http,83763.03125,4027.693604,44,8,255,255,2557573115,1321499963,150,44,0,0,870.851108,119.687219,1424254996,1424254997,13.907093,80.64443,0.101995,0.051218,0.050777,0,1,1,, ,1,1,1,1,DoS,1,70228.10156
175.45.176.0,149.171.126.12,FIN,2.210625,19903,1736,254,252,14,8,smtp,70228.10156,6000.113281,40,22,255,255,1246095275,1325466005,498,79,0,0,3875.543037,167.617844,1424255004,1424255006,56.682692,101.577477,0.102148,0.055267,0.046881,0,1,,, ,1,1,1,1,DoS,1,19348.98242
175.45.176.3,149.171.126.12,FIN,0.30844,828,1846,62,252,2,2,http,19348.98242,41914.14844,10,8,255,255,3348016017,2926114663,83,231,1,504,1671.114552,55.413746,1424255021,1424255021,34.271111,39.782,0.078993,0.029246,0.049747,0,1,1,, ,1,1,1,1,DoS,1,21916.91992
175.45.176.1,149.171.126.11,FIN,0.271571,826,1248,62,252,2,2,http,21916.91992,32168.38281,10,8,255,255,901357027,473746179,83,156,1,214,1556.717654,48.526887,1424255048,1424255049,30.174556,36.114855,0.026455,0.018078,0.008377,0,1,1,, ,1,1,9,9,DoS,1,13684.83887
175.45.176.1,149.171.126.11,FIN,1.568451,2824,1270,254,252,6,7,smtp,13684.83887,6120.688477,20,18,255,255,446889203,757749410,141,71,0,0,4812.749148,148.736703,1424255112,1424255113,82.55005,91.774062,0.038054,0.007251,0.030803,0,1,,, ,1,1,1,19,DoS,1,223272720
175.45.176.0,149.171.126.10,INT,0.000011,614,0,254,0,0,0,-,223272720,0,2,0,0,0,0,0,307,0,0,0,0,0,1424255115,1424255115,0.011,0,0,0,0,0,2,,, ,1,1,1,1,DoS,1,8073.608887
175.45.176.2,149.171.126.11,FIN,2.849779,2991,2092,62,252,8,8,smtp,8073.608887,5628.506836,26,24,255,255,1297143948,3864813889,115,87,0,0,8438.759929,187.376937,1424255121,1424255124,113.991158,122.562172,0.028244,0.014476,0.013768,0,1,,, ,1,1,1,1,DoS,1,16887.85352
175.45.176.0,149.171.126.11,FIN,0.335389,786,986,62,252,2,2,http,16887.85352,20585.05273,10,8,255,255,4057934349,543199704,79,123,1,75,1857.830627,64.67741,1424255224,1424255224,37.265444,46.36057,0.059614,0.010233,0.049381,0,1,1,, ,1,1,1,1,DoS,1,26587.48438
175.45.176.3,149.171.126.11,FIN,0.26268,970,1026,254,252,2,2,http,26587.48438,27348.86523,10,8,255,255,2881550868,4171163058,97,128,1,90,1441.719998,52.866312,1424255573,1424255573,29.186667,36.19657,0.053761,0.008615,0.045146,0,1,1,, ,1,1,1,1,DoS,1,636470.75
175.45.176.1,149.171.126.10,FIN,1.161857,93498,2210,62,252,41,8,smtp,636470.75,14714.375,88,30,255,255,2872895973,1290113840,1062,74,0,0,1115.67604,45.315953,1424255602,1424255603,13.354678,39.794344,0.053662,0.007039,0.046623,0,1,,, ,1,1,1,1,DoS,1,10751.5332
175.45.176.0,149.171.126.10,FIN,0.5216,778,1134,62,252,2,2,http,10751.5332,15659.50879,10,10,255,255,495322692,4014513513,78,113,1,110,3813.857392,102.132477,1424255654,1424255654,57.955556,52.623891,0.109953,0.046947,0.063006,0,1,1,, ,1,1,1,2,DoS,1,8387.959961
175.45.176.1,149.171.126.11,CON,59.844826,62790,12838547,62,252,6,4829,pop3,8387.959961,1716067.25,1458,9660,255,255,2424101928,2240251384,43,1329,0,0,4151.137983,1650.703399,1424255634,1424255694,41.073959,6.203533,0.069933,0.012811,0.057122,0,3,,, ,1,1,1,1,DoS,1,8011.45752
175.45.176.1,149.171.126.11,FIN,8.980139,9036,1819293,62,252,1,680,pop3,8011.45752,1619538.5,210,1364,255,255,2424101982,2246476979,43,1334,0,0,54.189398,843.280279,1424255694,1424255703,43.759781,6.732281,0.069933,0.012811,0.057122,0,1,,, ,1,1,1,1,DoS,1,13886.57227
175.45.176.2,149.171.126.10,FIN,0.293809,566,268,254,252,2,1,http,13886.57227,6099.200684,10,6,255,255,212700780,290850667,57,45,1,0,1436.410936,56.909727,1424255703,1424255704,28.160333,44.485398,0.099152,0.071374,0.027778,0,1,1,, ,7,7,2,4,DoS,1,30988.62109
175.45.176.1,149.171.126.12,FIN,0.186391,802,1284,62,252,2,2,http,30988.62109,48242.67188,10,8,255,255,4258612569,3905952721,80,161,1,221,1049.595343,38.473977,1424255794,1424255794,20.576333,23.212,0.043514,0.023889,0.019625,0,1,1,, ,1,1,1,1,DoS,1,7765.730469
175.45.176.0,149.171.126.12,FIN,0.782927,844,1660,254,252,2,2,http,7765.730469,14846.85059,10,8,255,255,36799893,2192080670,84,208,1,423,4490.722514,173.342828,1424255832,1424255833,86.991889,90.086711,0.146591,0.08538,0.061211,0,1,1,, ,1,1,1,1,DoS,1,3528.30957
175.45.176.3,149.171.126.10,FIN,1.809365,870,906,62,252,2,2,http,3528.30957,3506.202393,12,8,255,255,521088291,3603844210,73,113,1,50,9742.447653,390.134531,1424255944,1424255946,164.477545,241.382859,0.164461,0.119677,0.044784,0,1,1,, ,2,1,1,3,DoS,1,2763.57959
175.45.176.1,149.171.126.10,FIN,2.501104,930,948,62,252,4,4,irc,2763.57959,2817.955566,14,14,255,255,1310474919,1558138549,66,68,0,0,10748.5593,343.413875,1424255972,1424255974,192.392615,185.06,0.256174,0.094564,0.16161,0,1,,, ,1,1,1,1,DoS,1,5111.987793
175.45.176.2,149.171.126.12,FIN,1.197186,850,1440,62,252,2,2,http,5111.987793,8660.308594,10,10,255,255,1712165418,2384942515,85,144,1,252,8645.260521,183.526281,1424256108,1424256109,133.014,120.037891,0.190148,0.116836,0.073312,0,1,1,, ,1,1,1,1,DoS,1,303990.5313
175.45.176.0,149.171.126.10,FIN,1.764555,68187,612,254,252,27,1,http,303990.5313,2579.687256,60,14,255,255,3236953719,1143765235,1136,44,1,0,3260.496107,218.258438,1424256127,1424256129,29.275949,127.814,0.229305,0.102967,0.126338,0,1,4,, ,2,1,2,3,DoS,1,303990.5313
175.45.176.0,149.171.126.10,FIN,1.764555,68187,612,254,252,27,1,-,303990.5313,2579.687256,60,14,255,255,3236953719,1143765235,1136,44,1,0,3260.496107,218.258438,1424256127,1424256129,29.275949,127.814,0.229305,0.102967,0.126338,0,1,4,, ,4,2,2,3,DoS,1,3972.144531
175.45.176.3,149.171.126.10,FIN,1.502463,828,1734,62,252,2,2,http,3972.144531,8311.685547,10,10,255,255,4033060557,3687343271,83,173,1,414,12225.25641,234.202047,1424256151,1424256152,166.803778,152.766672,0.179272,0.127556,0.051716,0,1,1,, ,3,2,1,2,DoS,1,7633.167969
175.45.176.0,149.171.126.12,FIN,2.963907,2962,2648,254,252,8,8,-,7633.167969,6823.425781,22,22,255,255,1864695986,2564521153,135,120,0,0,7232.977811,171.866187,1424256149,1424256152,141.138432,137.521859,0.16637,0.075523,0.090847,0,1,,, ,6,1,1,3,DoS,1,340000000
175.45.176.3,149.171.126.11,INT,0.000002,170,0,254,0,0,0,-,340000000,0,2,0,0,0,0,0,85,0,0,0,0,0,1424256156,1424256156,0.002,0,0,0,0,0,2,,, ,1,6,5,2,DoS,1,5735.467773
175.45.176.1,149.171.126.10,FIN,0.728101,580,268,254,252,2,1,http,5735.467773,2461.197021,10,6,255,255,2119054719,3692239566,58,45,1,0,4117.753119,208.925219,1424256189,1424256190,78.789778,126.282203,0.237832,0.096681,0.141151,0,1,1,, ,2,1,1,1,DoS,1,4007.453857
175.45.176.1,149.171.126.12,FIN,1.760719,980,354,254,252,2,1,http,4007.453857,1408.515503,10,8,255,255,1418908426,3625707726,98,44,1,0,12385.87376,487.684656,1424256232,1424256234,190.979667,237.698141,0.163567,0.09683,0.066737,0,1,1,, ,2,1,1,1,DoS,1,1924.568359
175.45.176.0,149.171.126.12,CON,0.315915,152,82,254,60,0,0,-,1924.568359,1038.254028,2,2,0,0,0,0,76,41,0,0,0,0,1424256235,1424256235,0.009,0.004,0,0,0,0,0,,, ,1,1,1,2,DoS,1,1924.568359
175.45.176.0,149.171.126.12,CON,0.315915,152,82,254,60,0,0,-,1924.568359,1038.254028,2,2,0,0,0,0,76,41,0,0,0,0,1424256235,1424256235,0.009,0.004,0,0,0,0,0,,, ,1,1,1,2,DoS,1,1924.568359
175.45.176.0,149.171.126.12,CON,0.315915,152,82,254,60,0,0,-,1924.568359,1038.254028,2,2,0,0,0,0,76,41,0,0,0,0,1424256235,1424256235,0.009,0.004,0,0,0,0,0,,, ,1,1,1,2,DoS,1,1924.568359
175.45.176.0,149.171.126.12,CON,0.315915,152,82,254,60,0,0,-,1924.568359,1038.254028,2,2,0,0,0,0,76,41,0,0,0,0,1424256235,1424256235,0.009,0.004,0,0,0,0,0,,, ,1,1,1,2,DoS,1,1924.568359
175.45.176.0,149.171.126.12,CON,0.315915,152,82,254,60,0,0,-,1924.568359,1038.254028,2,2,0,0,0,0,76,41,0,0,0,0,1424256235,1424256235,0.009,0.004,0,0,0,0,0,,, ,1,1,1,2,DoS,1,1924.568359
175.45.176.0,149.171.126.12,CON,0.315915,152,82,254,60,0,0,-,1924.568359,1038.254028,2,2,0,0,0,0,76,41,0,0,0,0,1424256235,1424256235,0.009,0.004,0,0,0,0,0,,, ,1,1,1,2,DoS,1,1924.568359
175.45.176.0,149.171.126.12,CON,0.315915,152,82,254,60,0,0,-,1924.568359,1038.254028,2,2,0,0,0,0,76,41,0,0,0,0,1424256235,1424256235,0.009,0.004,0,0,0,0,0,,, ,1,1,1,2,DoS,1,37365.58594
175.45.176.0,149.171.126.10,CON,59.856361,279942,15920,254,252,376,1,-,37365.58594,2122.013428,754,370,255,255,2090616192,1200223257,371,43,0,0,4000.859041,175.470937,1424256295,1424256355,79.490532,161.949688,0.124746,0.052634,0.072112,0,0,,, ,1,1,1,1,DoS,1,36419.31641
175.45.176.0,149.171.126.10,CON,59.89415,273036,15222,254,252,366,0,-,36419.31641,2027.443481,732,354,255,255,2090741068,1200223257,373,43,0,0,4446.769697,187.283,1424256356,1424256415,82.361929,170.012297,0.124746,0.052634,0.072112,0,0,,, ,2,1,1,1,DoS,1,9466.564453
175.45.176.1,149.171.126.11,FIN,0.722543,950,268,254,252,2,1,http,9466.564453,2480.12915,10,6,255,255,3855732580,157864668,95,45,1,0,3760.893451,190.5885,1424256473,1424256474,72.920333,125.111398,0.203223,0.096967,0.106256,0,1,1,, ,1,1,1,2,DoS,1,26109.25195
175.45.176.0,149.171.126.10,CON,59.77314,195452,14706,254,252,261,0,-,26109.25195,1962.486816,524,342,255,255,2090862946,1200223257,373,43,0,0,5824.157866,193.070922,1424256416,1424256476,114.678024,176.056516,0.124746,0.052634,0.072112,0,0,,, ,3,2,1,2,DoS,1,2230.92041
175.45.176.3,149.171.126.12,FIN,1.588582,492,354,254,252,2,1,-,2230.92041,1561.140625,10,8,255,255,1221846181,1842538703,49,44,0,0,10753.59344,432.662562,1424256525,1424256527,171.387111,215.556141,0.143138,0.079688,0.06345,0,1,,, ,2,1,1,2,DoS,1,32102.85742
175.45.176.0,149.171.126.10,CON,59.767639,240212,14534,254,252,322,0,-,32102.85742,1939.64502,644,338,255,255,2090950192,1200223257,373,43,0,0,4674.604197,191.977219,1424256476,1424256536,93.211116,178.203719,0.124746,0.052634,0.072112,0,0,,, ,2,1,1,1,DoS,1,3892.908203
175.45.176.0,149.171.126.11,FIN,4.995751,2478,271772,62,252,6,105,-,3892.908203,433172.9063,52,214,255,255,46595378,1770859730,48,1270,0,0,5189.333225,2518.274913,1424256548,1424256553,97.950706,23.215653,0.135012,0.050815,0.084197,0,1,,, ,5,2,1,1,DoS,1,32677.38867
175.45.176.0,149.171.126.10,CON,59.995247,245434,15394,254,252,328,0,-,32677.38867,2046.962158,658,358,255,255,2091057418,1200223257,373,43,0,0,4580.08548,179.7965,1424256536,1424256596,91.581419,168.57925,0.124746,0.052634,0.072112,0,0,,, ,6,1,1,2,DoS,1,55876.23828
175.45.176.1,149.171.126.12,FIN,2.746928,19767,1880,254,252,14,8,smtp,55876.23828,5248.044434,34,24,255,255,68342652,2078960138,581,78,0,0,6658.731273,164.475016,1424256605,1424256608,83.240242,117.730781,0.126955,0.038355,0.0886,0,1,,, ,1,1,1,1,DoS,1,11543.81641
175.45.176.3,149.171.126.11,FIN,0.534312,856,1766,254,252,2,2,http,11543.81641,23147.52344,10,8,255,255,4252885610,2205797953,86,221,1,471,3143.65516,121.138984,1424256640,1424256641,59.368,67.446141,0.098239,0.061623,0.036616,0,1,1,, ,2,2,1,1,DoS,1,38980.19141
175.45.176.0,149.171.126.10,CON,59.939983,292432,15652,254,252,392,0,-,38980.19141,2083.283936,784,364,255,255,2091166975,1200223257,373,43,0,0,3971.217296,178.213141,1424256596,1424256656,76.595728,165.099594,0.124746,0.052634,0.072112,0,0,,, ,4,1,1,3,DoS,1,24036.70898
175.45.176.0,149.171.126.12,FIN,0.825737,2756,268,254,252,2,1,http,24036.70898,2170.182617,10,6,255,255,2520590417,3422201929,276,45,1,0,5169.200309,230.623031,1424256707,1424256708,91.449333,141.421,0.190755,0.118631,0.072124,0,1,1,, ,1,1,1,2,DoS,1,42452.85156
175.45.176.0,149.171.126.10,CON,59.95715,318542,16426,254,252,426,0,-,42452.85156,2185.961182,854,382,255,255,2091297511,1200223257,373,43,0,0,3671.067144,169.607875,1424256656,1424256716,70.30551,157.89525,0.124746,0.052634,0.072112,0,0,,, ,4,2,1,3,DoS,1,39680.34766
175.45.176.0,149.171.126.10,CON,59.935158,297654,16168,254,252,398,0,-,39680.34766,2152.325928,798,376,255,255,2091439702,1200223257,373,43,0,0,3887.01064,172.050172,1424256716,1424256776,75.312225,159.785781,0.124746,0.052634,0.072112,0,0,,, ,6,1,1,2,DoS,1,4385.082031
175.45.176.1,149.171.126.10,CON,59.987019,32924,2,62,252,6,2454,-,4385.082031,871479.375,760,4910,255,255,3138796443,3300166657,43,1331,0,0,5796.586997,2230.734604,1424256718,1424256778,79.034261,12.196454,0.141748,0.075014,0.066734,0,3,,, ,1,1,1,1,DoS,1,7595.627441
175.45.176.2,149.171.126.12,FIN,0.487649,514,268,254,252,2,1,-,7595.627441,3674.774414,10,6,255,255,3871255112,1132698108,51,45,0,0,2602.91351,132.183812,1424256829,1424256829,54.074,88.420398,0.103612,0.045545,0.058067,0,1,,, ,4,1,1,3,DoS,1,37673.73047
175.45.176.0,149.171.126.10,CON,59.959232,282734,16340,254,252,377,0,-,37673.73047,2174.410645,758,380,255,255,2091572569,1200223257,373,43,0,0,4001.729835,169.162453,1424256776,1424256836,79.203362,158.661812,0.124746,0.052634,0.072112,0,0,,, ,4,1,1,1,DoS,1,4586.302734
175.45.176.1,149.171.126.10,CON,59.929756,34400,3,62,252,0,2633,-,4586.302734,941481,800,5276,255,255,3138796571,3303336186,43,1337,0,0,84.049086,1384.185698,1424256778,1424256838,74.999062,11.410057,0.141748,0.075014,0.066734,0,3,,, ,1,1,1,1,DoS,1,4658.770996
175.45.176.1,149.171.126.10,FIN,9.229902,5418,4,62,252,0,399,-,4658.770996,923079.75,126,802,255,255,3138796571,3306757470,43,1330,0,0,81.43625,1348.440316,1424256838,1424256847,73.972266,11.569377,0.141748,0.075014,0.066734,0,1,,, ,1,1,1,1,DoS,1,3088.181152
175.45.176.2,149.171.126.11,FIN,1.847042,792,1278,62,252,2,2,http,3088.181152,4985.268555,10,10,255,255,3956385882,4096537211,79,128,1,196,11686.49991,368.894125,1424256889,1424256890,201.516778,193.75,0.204565,0.103291,0.101274,0,1,1,, ,1,1,3,2,DoS,1,38862.59375
175.45.176.0,149.171.126.10,CON,59.967793,291686,15480,254,252,390,0,-,38862.59375,2059.37207,782,360,255,255,2091698776,1200223257,373,43,0,0,4000.246611,183.550719,1424256836,1424256896,76.79845,167.048891,0.124746,0.052634,0.072112,0,0,,, ,3,1,1,1,DoS,1,36761.19141
175.45.176.0,149.171.126.10,FIN,10.510867,48662,2752,254,252,65,0,-,36761.19141,2061.865967,134,64,255,255,2091828979,1200223257,363,43,0,0,3928.155111,175.610734,1424256896,1424256907,79.041134,165.714906,0.124746,0.052634,0.072112,0,1,,, ,8,2,1,3,DoS,1,6108.627441
175.45.176.0,149.171.126.12,FIN,0.872209,740,268,254,252,2,1,-,6108.627441,2054.553467,10,6,255,255,1607570516,283200285,74,45,0,0,5030.661224,278.957219,1424256953,1424256954,96.912111,148.175203,0.153152,0.073881,0.079271,0,1,,, ,6,1,1,1,DoS,1,9803.361328
175.45.176.1,149.171.126.10,FIN,2.34287,3007,1824,62,252,8,8,smtp,9803.361328,5917.52832,22,20,255,255,1517275761,117713074,137,91,0,0,5856.030565,160.7835,1424256966,1424256968,111.565241,119.951422,0.222956,0.063095,0.159861,0,1,,, ,1,1,1,1,DoS,1,5063.48877
175.45.176.2,149.171.126.11,FIN,0.717292,504,354,254,252,2,1,-,5063.48877,3457.448242,10,8,255,255,2111296635,1470108592,50,44,0,0,4850.656061,136.340578,1424256974,1424256975,75.414111,92.21443,0.133426,0.071786,0.06164,0,1,,, ,6,9,1,1,DoS,1,10138.81152
175.45.176.1,149.171.126.11,FIN,0.73697,988,2792,62,252,6,7,-,10138.81152,28625.31641,18,18,255,255,789236196,2963939351,55,155,0,0,2040.116812,47.487453,1424257141,1424257141,43.351176,42.768531,0.055984,0.00916,0.046824,0,1,,, ,1,1,1,1,DoS,1,18513.79883
175.45.176.3,149.171.126.12,FIN,0.439456,1084,54733,62,252,2,21,http,18513.79883,974732.4375,16,46,255,255,472178199,2819280690,68,1190,1,26160,1521.327005,1020.139718,1424257259,1424257260,29.297067,9.607733,0.053488,0.00644,0.047048,0,1,1,, ,2,1,1,1,DoS,1,746059.25
175.45.176.3,149.171.126.10,FIN,0.171922,16876,268,254,252,7,1,http,746059.25,10423.33203,20,6,255,255,3959210888,4014199969,844,45,1,0,687.648401,54.381793,1424257261,1424257262,8.238474,32.825801,0.053682,0.00779,0.045892,0,1,1,, ,2,1,1,1,DoS,1,12267.42773
175.45.176.3,149.171.126.10,FIN,0.64496,1054,50403,62,252,2,20,http,12267.42773,610989.8125,16,44,255,255,191585386,359351877,66,1146,1,24064,2764.075502,1718.411222,1424257303,1424257304,42.997335,14.504256,0.027841,0.020166,0.007675,0,1,1,, ,1,1,1,1,DoS,1,26512.01367
175.45.176.2,149.171.126.10,FIN,0.228123,840,1534,62,252,2,2,http,26512.01367,47097.39844,10,8,255,255,3191018872,1385950043,84,192,1,343,1368.70219,54.523137,1424257318,1424257318,25.347,30.612,0.055318,0.008096,0.047222,0,1,1,, ,2,1,1,1,DoS,1,25007.65039
175.45.176.1,149.171.126.11,FIN,0.241846,840,2412,62,252,2,2,http,25007.65039,69829.5625,10,8,255,255,3590077843,2989757238,84,302,1,784,1468.580376,51.482141,1424257347,1424257347,26.871778,29.530715,0.080714,0.030023,0.050691,0,1,1,, ,1,1,1,1,DoS,1,70548.35938
175.45.176.1,149.171.126.10,FIN,0.253103,2480,268,254,252,2,1,-,70548.35938,7080.12207,10,6,255,255,2595657737,3840139047,248,45,0,0,1275.72611,64.346773,1424257369,1424257369,25.565444,45.707199,0.082362,0.024563,0.057799,0,1,,, ,1,1,1,1,DoS,1,9231.451172
175.45.176.2,149.171.126.10,FIN,0.401237,514,354,254,252,2,1,http,9231.451172,6180.885254,10,8,255,255,3791095477,2455447887,51,44,1,0,2927.843324,120.087211,1424257432,1424257432,42.600333,56.246145,0.068745,0.007506,0.061239,0,1,1,, ,1,1,1,1,DoS,1,514400000
175.45.176.1,149.171.126.12,INT,0.00001,1286,0,254,0,0,0,-,514400000,0,2,0,0,0,0,0,643,0,0,0,0,0,1424257462,1424257462,0.01,0,0,0,0,0,2,,, ,1,1,1,1,DoS,1,13072.33496
175.45.176.2,149.171.126.10,FIN,0.446133,810,1302,62,252,2,2,http,13072.33496,21016.1543,10,10,255,255,4265030802,842557817,81,130,1,184,3437.278043,107.993945,1424257473,1424257473,49.570333,46.881891,0.09022,0.018202,0.072018,0,1,1,, ,2,1,1,1,DoS,1,39103.92578
175.45.176.3,149.171.126.10,FIN,0.221768,1204,1030,62,252,2,2,http,39103.92578,32538.50781,10,8,255,255,4152763054,2178691853,120,129,1,109,1286.960617,47.175504,1424257505,1424257505,24.640889,29.541715,0.04608,0.014332,0.031748,0,1,1,, ,1,1,2,1,DoS,1,26040.89063
175.45.176.2,149.171.126.12,FIN,0.355441,1262,2282,62,252,3,3,http,26040.89063,46229.89453,12,10,255,255,770029592,2498143901,105,228,1,113,1679.223351,59.731621,1424257559,1424257559,32.312817,37.903,0.063866,0.009613,0.054253,0,1,1,, ,1,1,1,1,DoS,1,17213.48633
175.45.176.0,149.171.126.10,FIN,0.305342,716,468,254,252,3,2,-,17213.48633,10742.05371,12,8,255,255,1581643804,1921840543,60,59,0,0,1352.002533,58.181414,1424257562,1424257563,26.054728,42.474855,0.054118,0.008009,0.046109,0,1,,, ,2,2,1,1,DoS,1,18833.4082
175.45.176.2,149.171.126.12,FIN,0.807926,2074,530,254,252,3,3,-,18833.4082,4723.205078,12,10,255,255,1653080181,159955780,173,53,0,0,4490.175537,130.636,1424257580,1424257581,73.447821,85.783555,0.094177,0.035273,0.058904,0,1,,, ,1,1,1,1,DoS,1,336320000
175.45.176.0,149.171.126.11,INT,0.000025,2102,0,254,0,0,0,-,336320000,0,2,0,0,0,0,0,1051,0,0,0,0,0,1424257582,1424257582,0.025,0,0,0,0,0,2,,, ,1,1,1,2,DoS,1,11267.58301
175.45.176.1,149.171.126.10,FIN,2.441695,3566,3148,254,252,10,10,-,11267.58301,9884.936523,28,24,255,255,2540348167,3865679964,127,131,0,0,4569.524508,139.725328,1424257586,1424257588,90.42874,103.566219,0.118273,0.059663,0.05861,0,1,,, ,6,1,1,2,DoS,1,4557.681641
175.45.176.3,149.171.126.11,FIN,0.712643,451,268,254,252,2,1,-,4557.681641,2514.583008,10,6,255,255,2073597029,350601041,45,45,0,0,4285.416946,195.906766,1424257661,1424257662,75.646556,130.277797,0.11415,0.061245,0.052905,0,1,,, ,1,1,1,1,DoS,1,12038.12988
175.45.176.2,149.171.126.12,FIN,3.074896,4674,807537,62,252,2,302,http,12038.12988,2097525.25,98,608,255,255,3595779695,3936308606,48,1328,1,391313,1599.837236,646.668709,1424257725,1424257728,31.699958,5.04701,0.05175,0.006556,0.045194,0,1,1,, ,1,1,1,1,DoS,1,18099.92578
175.45.176.3,149.171.126.10,FIN,0.333703,838,268,254,252,2,1,-,18099.92578,5370.044434,10,6,255,255,902550789,1664443147,84,45,0,0,1760.111307,75.596148,1424257756,1424257756,33.132111,55.854801,0.124652,0.054425,0.070227,0,1,,, ,1,1,1,1,DoS,1,161303.3594
175.45.176.3,149.171.126.12,FIN,0.782228,16602,354,254,252,7,1,http,161303.3594,3170.431152,20,8,255,255,328203720,2449625522,830,44,1,0,3286.78721,174.007953,1424257760,1424257761,39.266474,98.56343,0.193467,0.092283,0.101184,0,1,1,, ,1,1,1,1,DoS,1,56000000
175.45.176.1,149.171.126.12,INT,0.000009,126,0,254,0,0,0,dns,56000000,0,2,0,0,0,0,0,63,0,0,0,0,0,1424257929,1424257929,0.009,0,0,0,0,0,2,,, ,1,1,1,2,DoS,1,44904.50391
175.45.176.1,149.171.126.10,FIN,0.738456,4325,1730,62,252,9,8,smtp,44904.50391,17810.13281,24,20,255,255,1373977562,1700523415,180,87,0,0,1695.690669,44.181582,1424258015,1424258016,32.106784,36.861633,0.037292,0.024471,0.012821,0,1,,, ,1,1,1,1,DoS,1,26923.70313
175.45.176.0,149.171.126.12,FIN,0.227309,850,268,254,252,2,1,http,26923.70313,7883.541504,10,6,255,255,3339067981,255423272,85,45,1,0,1206.67708,64.422258,1424258032,1424258033,25.256556,42.469,0.064701,0.014263,0.050438,0,1,1,, ,1,1,1,1,DoS,1,41863.94141
175.45.176.1,149.171.126.10,CON,0.016052,168,112,254,60,0,0,-,41863.94141,27909.29492,2,2,0,0,0,0,84,56,0,0,0,0,1424258054,1424258054,0.008,0.001,0,0,0,0,0,,, ,3,2,2,2,DoS,1,30100.26563
175.45.176.1,149.171.126.10,FIN,0.393352,1644,354,254,252,2,1,-,30100.26563,6304.785645,10,8,255,255,2787246695,4274163794,164,44,0,0,2971.804829,104.816883,1424258054,1424258054,41.967333,49.136855,0.093778,0.049388,0.04439,0,1,,, ,3,2,2,2,DoS,1,8049.64502
175.45.176.1,149.171.126.12,FIN,1.223408,1276,69726,62,252,7,33,pop3,8049.64502,449433.0625,28,70,255,255,510917274,2779093319,46,996,0,0,2305.839612,1430.956105,1424258130,1424258132,45.311408,17.376652,0.057786,0.018807,0.038979,0,1,,, ,1,1,1,1,DoS,1,22522.24414
175.45.176.0,149.171.126.11,FIN,0.258944,810,1210,62,252,2,2,http,22522.24414,32717.49805,10,8,255,255,421920493,3064328802,81,151,1,202,1549.616673,57.852082,1424258173,1424258174,28.771556,33.766,0.054514,0.0081,0.046414,0,1,1,, ,1,1,1,1,DoS,1,26133.97461
175.45.176.2,149.171.126.12,FIN,1.600675,5478,1230,254,252,7,6,smtp,26133.97461,5767.566895,22,16,255,255,812470925,3725587223,249,77,0,0,6115.292332,186.778672,1424258223,1424258224,74.947238,104.99907,0.075871,0.02568,0.050191,0,1,,, ,2,1,1,1,DoS,1,1137615.5
175.45.176.2,149.171.126.11,FIN,1.571835,224713,2696,254,252,91,8,smtp,1137615.5,13411.07617,188,44,255,255,774574565,2219631278,1195,61,0,0,1181.996665,69.407078,1424258276,1424258277,8.405535,35.930301,0.037125,0.026119,0.011006,0,1,,, ,1,1,1,1,DoS,1,63999996
175.45.176.2,149.171.126.12,INT,0.000009,144,0,254,0,0,0,-,63999996,0,2,0,0,0,0,0,72,0,0,0,0,0,1424258367,1424258367,0.009,0,0,0,0,0,2,,, ,2,1,1,2,DoS,1,13228.30664
175.45.176.1,149.171.126.10,INT,1.115789,1890,0,254,0,0,0,-,13228.30664,0,42,0,0,0,0,0,45,0,0,0,28.648002,0,1424258368,1424258369,27.214365,0,0,0,0,0,2,,, ,1,1,1,1,DoS,1,13228.30664
175.45.176.1,149.171.126.10,INT,1.115789,1890,0,254,0,0,0,-,13228.30664,0,42,0,0,0,0,0,45,0,0,0,28.648002,0,1424258368,1424258369,27.214365,0,0,0,0,0,2,,, ,1,1,1,1,DoS,1,13228.30664
175.45.176.1,149.171.126.10,INT,1.115789,1890,0,254,0,0,0,-,13228.30664,0,42,0,0,0,0,0,45,0,0,0,28.648002,0,1424258368,1424258369,27.214365,0,0,0,0,0,2,,, ,1,1,1,1,DoS,1,13228.30664
175.45.176.1,149.171.126.10,INT,1.115789,1890,0,254,0,0,0,-,13228.30664,0,42,0,0,0,0,0,45,0,0,0,28.648002,0,1424258368,1424258369,27.214365,0,0,0,0,0,2,,, ,1,1,1,1,DoS,1,13228.30664
175.45.176.1,149.171.126.10,INT,1.115789,1890,0,254,0,0,0,-,13228.30664,0,42,0,0,0,0,0,45,0,0,0,28.648002,0,1424258368,1424258369,27.214365,0,0,0,0,0,2,,, ,1,1,1,1,DoS,1,13228.30664
175.45.176.1,149.171.126.10,INT,1.115789,1890,0,254,0,0,0,-,13228.30664,0,42,0,0,0,0,0,45,0,0,0,28.648002,0,1424258368,1424258369,27.214365,0,0,0,0,0,2,,, ,1,1,1,1,DoS,1,12064.99805
175.45.176.1,149.171.126.12,FIN,0.450228,754,1622,62,252,2,2,http,12064.99805,25942.41016,10,10,255,255,498055712,2282456939,75,162,1,366,3440.456521,109.531305,1424258371,1424258372,50.025333,47.483668,0.080014,0.016157,0.063857,0,1,1,, ,1,1,1,1,DoS,1,22733.86719
175.45.176.3,149.171.126.12,FIN,0.234364,740,1782,254,252,2,2,http,22733.86719,53250.5,10,8,255,255,1843040908,54950773,74,223,1,493,1325.84363,52.25109,1424258376,1424258377,26.040444,29.939428,0.052609,0.00721,0.045399,0,1,1,, ,1,1,1,1,DoS,1,11609.27637
175.45.176.0,149.171.126.10,CON,0.218446,362,178,254,60,0,0,-,11609.27637,4907.391113,8,4,0,0,0,0,45,45,0,0,46.969133,54.293781,1424258428,1424258428,31.206572,38.397,0,0,0,0,0,,, ,1,1,1,1,DoS,1,46055.4375
175.45.176.1,149.171.126.11,FIN,0.17822,1140,268,254,252,2,1,http,46055.4375,10054.98828,10,6,255,255,3129236182,1477987910,114,45,1,0,1022.324279,46.76659,1424258430,1424258430,19.802222,28.658,0.049726,0.034203,0.015523,0,1,1,, ,1,1,1,3,DoS,1,9033.572266
175.45.176.2,149.171.126.10,FIN,0.621681,780,834,62,252,2,2,http,9033.572266,9393.885742,10,8,255,255,109571630,2484860612,78,104,1,14,3518.655382,105.252,1424258462,1424258463,69.075667,75.665859,0.174707,0.091359,0.083348,0,1,1,, ,1,1,1,1,DoS,1,68000000
175.45.176.2,149.171.126.11,INT,0.000008,136,0,254,0,0,0,snmp,68000000,0,2,0,0,0,0,0,68,0,0,0,0,0,1424258543,1424258543,0.008,0,0,0,0,0,2,,, ,1,1,1,1,DoS,1,63677.66016
175.45.176.0,149.171.126.10,FIN,1.860998,15323,1808,62,252,12,8,smtp,63677.66016,7385.284668,30,20,255,255,1719849077,2552175869,511,90,0,0,4161.078435,126.787312,1424258587,1424258589,64.172345,94.869313,0.109337,0.057717,0.05162,0,1,,, ,1,1,1,1,DoS,1,44571428
175.45.176.3,149.171.126.10,INT,0.000007,78,0,254,0,0,0,-,44571428,0,2,0,0,0,0,0,39,0,0,0,0,0,1424258594,1424258594,0.007,0,0,0,0,0,2,,, ,1,1,3,2,DoS,1,44571428
175.45.176.3,149.171.126.10,INT,0.000007,78,0,254,0,0,0,-,44571428,0,2,0,0,0,0,0,39,0,0,0,0,0,1424258594,1424258594,0.007,0,0,0,0,0,2,,, ,1,1,3,2,DoS,1,44571428
175.45.176.3,149.171.126.10,INT,0.000007,78,0,254,0,0,0,-,44571428,0,2,0,0,0,0,0,39,0,0,0,0,0,1424258594,1424258594,0.007,0,0,0,0,0,2,,, ,1,1,3,2,DoS,1,44571428
175.45.176.3,149.171.126.10,INT,0.000007,78,0,254,0,0,0,-,44571428,0,2,0,0,0,0,0,39,0,0,0,0,0,1424258594,1424258594,0.007,0,0,0,0,0,2,,, ,1,1,3,2,DoS,1,44571428
175.45.176.3,149.171.126.10,INT,0.000007,78,0,254,0,0,0,-,44571428,0,2,0,0,0,0,0,39,0,0,0,0,0,1424258594,1424258594,0.007,0,0,0,0,0,2,,, ,1,1,3,2,DoS,1,8443.963867
175.45.176.2,149.171.126.10,FIN,0.756043,886,1844,62,252,2,2,http,8443.963867,17078.39258,10,8,255,255,3888812765,2341745403,89,231,1,494,4484.893655,161.96175,1424258595,1424258595,83.897556,90.843859,0.182517,0.120126,0.062391,0,1,1,, ,1,1,2,1,DoS,1,14224.42285
175.45.176.3,149.171.126.12,FIN,0.390877,772,1032,62,252,2,2,http,14224.42285,18481.51758,10,8,255,255,3973745270,4182119563,77,129,1,105,2270.855427,61.999145,1424258623,1424258623,43.403556,47.96957,0.112838,0.055087,0.057751,0,1,1,, ,1,1,1,1,DoS,1,8682.930664
175.45.176.2,149.171.126.12,CON,0.063573,138,1022,254,60,0,0,dns,8682.930664,64304.02734,2,2,0,0,0,0,69,511,0,0,0,0,1424258663,1424258663,0.007,0.008,0,0,0,0,0,,, ,1,1,1,1,DoS,1,8868.767578
175.45.176.0,149.171.126.11,FIN,0.818152,954,3182,62,252,7,8,pop3,8868.767578,29559.29883,20,20,255,255,693883462,2975429338,48,159,0,0,2038.883456,47.909137,1424258723,1424258724,43.060632,42.665738,0.053222,0.006778,0.046444,0,1,,, ,1,1,1,1,DoS,1,308000000
175.45.176.3,149.171.126.11,INT,0.000008,616,0,254,0,0,0,-,308000000,0,2,0,0,0,0,0,308,0,0,0,0,0,1424258744,1424258744,0.008,0,0,0,0,0,2,,, ,1,1,2,2,DoS,1,3774.580322
175.45.176.0,149.171.126.10,FIN,2.04738,1022,3096,62,252,6,7,-,3774.580322,11425.33398,18,18,255,255,159999708,2182040066,57,172,0,0,5690.433009,135.860703,1424258776,1424258778,120.434118,113.38618,0.24201,0.119117,0.122893,0,1,,, ,2,1,1,1,DoS,1,13923.76074
175.45.176.0,149.171.126.12,FIN,0.475159,918,2140,62,252,2,2,http,13923.76074,31534.70898,10,8,255,255,1646077337,3278014809,92,268,1,666,2639.964243,85.093125,1424258795,1424258795,52.795444,58.945145,0.140547,0.061601,0.078946,0,1,1,, ,1,1,1,1,DoS,1,5728.20166
175.45.176.3,149.171.126.12,FIN,1.744352,1362,3038,254,252,3,3,http,5728.20166,12772.65137,12,12,255,255,778747403,1138429915,114,253,1,428,10814.56859,391.398687,1424258805,1424258807,158.485179,151.045,0.135749,0.082853,0.052896,0,1,1,, ,1,1,1,1,DoS,1,16084.18945
175.45.176.0,149.171.126.10,FIN,0.683404,1526,268,254,252,2,1,http,16084.18945,2622.167725,10,6,255,255,1271815653,644209749,153,45,1,0,3948.602548,197.207938,1424258860,1424258860,75.838778,123.050602,0.143054,0.068142,0.074912,0,1,1,, ,1,1,2,3,DoS,1,6351.709473
175.45.176.2,149.171.126.10,FIN,0.918178,810,1212,62,252,2,2,http,6351.709473,9244.394531,10,8,255,255,522733527,1522525617,81,152,1,181,5702.92582,211.937234,1424258865,1424258865,102.019778,110.080859,0.183027,0.121751,0.061276,0,1,1,, ,1,1,17,5,DoS,1,23244.70703
175.45.176.1,149.171.126.12,FIN,0.427108,1378,268,254,252,2,1,-,23244.70703,4195.660156,10,6,255,255,2828727449,3470999067,138,45,0,0,2250.838513,107.378609,1424258932,1424258933,43.402778,72.423602,0.147542,0.064981,0.082561,0,1,,, ,2,3,3,1,DoS,1,7039.27832
175.45.176.1,149.171.126.12,FIN,0.828494,810,15628,62,252,2,7,http,7039.27832,142523.6563,10,18,255,255,226537507,847121715,81,868,1,7205,5581.325875,4866.128638,1424259018,1424259019,92.054889,44.20894,0.148471,0.076311,0.07216,0,1,1,, ,1,1,2,1,DoS,1,23370.64844
175.45.176.0,149.171.126.11,FIN,0.39126,1246,1922,62,252,3,3,-,23370.64844,35372.89844,12,10,255,255,3219516016,3831121674,104,192,1,245,1686.105454,53.368836,1424259059,1424259059,35.569092,38.240445,0.08378,0.046369,0.037411,0,1,1,, ,1,1,1,15,DoS,1,12567.70313
175.45.176.0,149.171.126.11,FIN,0.469139,818,1334,62,252,2,2,http,12567.70313,19917.33789,10,8,255,255,1620604868,1451022658,82,167,1,258,2664.90298,78.344852,1424259120,1424259120,52.126556,55.461145,0.127457,0.080208,0.047249,0,1,1,, ,2,1,1,17,DoS,1,41000000
175.45.176.2,149.171.126.11,INT,0.000008,82,0,254,0,0,0,-,41000000,0,2,0,0,0,0,0,41,0,0,0,0,0,1424259171,1424259171,0.008,0,0,0,0,0,2,,, ,1,2,1,2,DoS,1,7429.807129
175.45.176.0,149.171.126.11,FIN,0.794637,820,994,62,252,2,2,http,7429.807129,8758.71582,10,8,255,255,2205220027,474797534,82,124,1,75,5053.714487,209.356516,1424259184,1424259185,88.293,105.27657,0.082201,0.056851,0.02535,0,1,1,, ,1,1,1,34,DoS,1,8701.043945
175.45.176.1,149.171.126.10,FIN,0.688653,832,1230,62,252,2,2,http,8701.043945,12511.38086,10,8,255,255,540578483,3886374486,83,154,1,217,3934.998581,145.244781,1424259212,1424259213,76.517,83.563289,0.182229,0.082843,0.099386,0,1,1,, ,1,1,10,1,DoS,1,32438.35156
175.45.176.3,149.171.126.11,FIN,1.18699,5066,1140,254,252,7,6,smtp,32438.35156,7204.77832,20,16,255,255,2736855371,1277527325,253,71,0,0,2922.256237,82.847375,1424259280,1424259281,58.880576,74.80093,0.129437,0.064972,0.064465,0,1,,, ,1,1,1,1,DoS,1,12112.72656
175.45.176.1,149.171.126.11,FIN,0.789913,1328,354,254,252,2,1,-,12112.72656,3139.586182,10,8,255,255,1148886937,2688325738,133,44,0,0,5167.313208,167.768234,1424259283,1424259284,87.768111,105.882711,0.151439,0.048008,0.103431,0,1,,, ,1,1,1,1,DoS,1,8902.867188
175.45.176.1,149.171.126.11,FIN,1.949035,2296,1288,254,252,6,7,smtp,8902.867188,4995.29248,18,18,255,255,3295496018,546312640,128,72,0,0,5642.050046,135.261172,1424259309,1424259311,114.649118,108.588586,0.152272,0.10093,0.051342,0,1,,, ,1,1,1,1,DoS,1,375829.7813
175.45.176.0,149.171.126.10,FIN,0.91352,44016,440,254,252,17,1,http,375829.7813,3467.904541,40,10,255,255,18800893,3347563676,1100,44,1,0,2256.558994,160.381313,1424259328,1424259329,22.828564,92.158555,0.171123,0.084085,0.087038,0,1,1,, ,1,1,1,2,DoS,1,90666664
175.45.176.3,149.171.126.10,INT,0.000006,136,0,254,0,0,0,-,90666664,0,2,0,0,0,0,0,68,0,0,0,0,0,1424259359,1424259359,0.006,0,0,0,0,0,2,,, ,2,2,17,1,DoS,1,8389.24707
175.45.176.3,149.171.126.12,FIN,2.651966,2913,1874,62,252,8,8,smtp,8389.24707,5396.750977,22,22,255,255,3188528956,1341558120,132,85,0,0,6484.625343,164.208797,1424259360,1424259363,126.284093,121.886523,0.172922,0.091503,0.081419,0,1,,, ,1,1,1,2,DoS,1,108800000
175.45.176.1,149.171.126.11,INT,0.000005,136,0,254,0,0,0,-,108800000,0,2,0,0,0,0,0,68,0,0,0,0,0,1424259370,1424259370,0.005,0,0,0,0,0,2,,, ,2,1,1,1,DoS,1,17842.66992
175.45.176.0,149.171.126.12,FIN,2.093857,4892,1874,254,252,8,8,smtp,17842.66992,6804.666992,22,20,255,255,4090917149,2673378362,222,94,0,0,5038.332619,121.525992,1424259465,1424259467,99.707475,106.256211,0.139343,0.074162,0.065181,0,1,,, ,1,1,2,2,DoS,1,3968.724854
175.45.176.0,149.171.126.11,FIN,1.542057,850,354,254,252,2,1,http,3968.724854,1608.241455,10,8,255,255,1828202333,957562068,85,44,1,0,12223.41586,314.663563,1424259519,1424259521,171.197444,208.055281,0.189835,0.085667,0.104168,0,1,1,, ,1,1,1,1,DoS,1,911179.4375
175.45.176.3,149.171.126.10,FIN,24.149729,2751924,13942,254,252,1030,1,http,911179.4375,4604.275391,2066,324,255,255,1213742695,2911069802,1332,43,1,0,1405.179092,85.910961,1424259518,1424259542,11.705243,74.339875,0.31013,0.21229,0.09784,0,1,1,, ,1,1,18,2,DoS,1,23052.25
175.45.176.0,149.171.126.12,FIN,2.493813,7473,1722,254,252,10,8,smtp,23052.25,5248.187988,26,20,255,255,1571249496,3044001435,287,86,0,0,7081.508569,208.198578,1424259579,1424259582,99.752523,128.343844,0.110759,0.054648,0.056111,0,1,,, ,1,1,1,1,DoS,1,86000000
175.45.176.3,149.171.126.10,INT,0.000004,86,0,254,0,0,0,-,86000000,0,2,0,0,0,0,0,43,0,0,0,0,0,1424259589,1424259589,0.004,0,0,0,0,0,2,,, ,1,1,2,1,DoS,1,86000000
175.45.176.3,149.171.126.10,INT,0.000004,86,0,254,0,0,0,-,86000000,0,2,0,0,0,0,0,43,0,0,0,0,0,1424259589,1424259589,0.004,0,0,0,0,0,2,,, ,1,1,2,1,DoS,1,86000000
175.45.176.3,149.171.126.10,INT,0.000004,86,0,254,0,0,0,-,86000000,0,2,0,0,0,0,0,43,0,0,0,0,0,1424259589,1424259589,0.004,0,0,0,0,0,2,,, ,1,1,2,1,DoS,1,86000000
175.45.176.3,149.171.126.10,INT,0.000004,86,0,254,0,0,0,-,86000000,0,2,0,0,0,0,0,43,0,0,0,0,0,1424259589,1424259589,0.004,0,0,0,0,0,2,,, ,1,1,2,1,DoS,1,86000000
175.45.176.3,149.171.126.10,INT,0.000004,86,0,254,0,0,0,-,86000000,0,2,0,0,0,0,0,43,0,0,0,0,0,1424259589,1424259589,0.004,0,0,0,0,0,2,,, ,1,1,2,1,DoS,1,12184.10547
175.45.176.2,149.171.126.10,FIN,1.931697,3096,1776,254,252,7,8,smtp,12184.10547,6990.744141,20,20,255,255,1709909642,1150552421,155,89,0,0,5092.941746,122.042336,1424259599,1424259600,101.66826,99.073102,0.097377,0.048616,0.048761,0,1,,, ,1,1,17,1,DoS,1,398.565674
175.45.176.2,149.171.126.12,INT,42.793449,2184,0,254,0,0,0,-,398.565674,0,42,0,0,0,0,0,52,0,0,0,1236.527125,0,1424259607,1424259650,1043.742625,0,0,0,0,0,2,,, ,1,1,1,2,DoS,1,398.565674
175.45.176.2,149.171.126.12,INT,42.793449,2184,0,254,0,0,0,-,398.565674,0,42,0,0,0,0,0,52,0,0,0,1236.527125,0,1424259607,1424259650,1043.742625,0,0,0,0,0,2,,, ,1,1,1,2,DoS,1,398.565674
175.45.176.2,149.171.126.12,INT,42.793449,2184,0,254,0,0,0,-,398.565674,0,42,0,0,0,0,0,52,0,0,0,1236.527125,0,1424259607,1424259650,1043.742625,0,0,0,0,0,2,,, ,1,1,1,2,DoS,1,398.565674
175.45.176.2,149.171.126.12,INT,42.793449,2184,0,254,0,0,0,-,398.565674,0,42,0,0,0,0,0,52,0,0,0,1236.527125,0,1424259607,1424259650,1043.742625,0,0,0,0,0,2,,, ,1,1,1,2,DoS,1,19384.21289
175.45.176.3,149.171.126.10,FIN,0.467597,1258,268,62,252,2,1,http,19384.21289,3832.359863,10,6,255,255,2976117824,574812957,126,45,1,0,2805.262727,141.947234,1424259694,1424259694,51.955222,87.535203,0.098945,0.029195,0.06975,0,1,1,, ,1,1,1,1,DoS,1,7831.567383
175.45.176.1,149.171.126.10,FIN,0.739571,804,3200,62,252,2,2,http,7831.567383,31153.19727,10,10,255,255,1470936460,3241064964,80,320,1,1149,5601.206805,115.354219,1424259699,1424259700,82.063333,74.868,0.112187,0.06575,0.046437,0,1,1,, ,1,1,1,1,DoS,1,7831.567383
175.45.176.1,149.171.126.10,FIN,0.739571,804,3200,62,252,2,2,http,7831.567383,31153.19727,10,10,255,255,1470936460,3241064964,80,320,1,1149,5601.206805,115.354219,1424259699,1424259700,82.063333,74.868,0.112187,0.06575,0.046437,0,1,1,, ,1,1,1,1,DoS,1,14347.71582
175.45.176.1,149.171.126.12,FIN,0.424876,846,1160,62,252,2,2,http,14347.71582,19111.45898,10,8,255,255,1231784367,3718579855,85,145,1,151,2395.412848,77.349305,1424259890,1424259890,47.208444,47.341855,0.096166,0.046733,0.049433,0,1,1,, ,1,1,1,4,DoS,1,16641.13477
175.45.176.3,149.171.126.12,FIN,0.355745,822,268,254,252,2,1,-,16641.13477,5037.316406,10,6,255,255,2697524881,3830452856,82,45,0,0,1899.633152,82.482164,1424259960,1424259961,39.368556,61.973,0.107207,0.045871,0.061336,0,1,,, ,2,1,1,1,DoS,1,9017.739258
175.45.176.3,149.171.126.10,INT,4.598935,5248,0,254,0,0,0,-,9017.739258,0,82,0,0,0,0,0,64,0,0,0,161.878984,0,1424260102,1424260107,56.776977,0,0,0,0,0,2,,, ,1,1,13,1,DoS,1,9017.739258
175.45.176.3,149.171.126.10,INT,4.598935,5248,0,254,0,0,0,-,9017.739258,0,82,0,0,0,0,0,64,0,0,0,161.878984,0,1424260102,1424260107,56.776977,0,0,0,0,0,2,,, ,1,1,13,1,DoS,1,9017.739258
175.45.176.3,149.171.126.10,INT,4.598935,5248,0,254,0,0,0,-,9017.739258,0,82,0,0,0,0,0,64,0,0,0,161.878984,0,1424260102,1424260107,56.776977,0,0,0,0,0,2,,, ,1,1,13,1,DoS,1,9017.739258
175.45.176.3,149.171.126.10,INT,4.598935,5248,0,254,0,0,0,-,9017.739258,0,82,0,0,0,0,0,64,0,0,0,161.878984,0,1424260102,1424260107,56.776977,0,0,0,0,0,2,,, ,1,1,13,1,DoS,1,9017.739258
175.45.176.3,149.171.126.10,INT,4.598935,5248,0,254,0,0,0,-,9017.739258,0,82,0,0,0,0,0,64,0,0,0,161.878984,0,1424260102,1424260107,56.776977,0,0,0,0,0,2,,, ,1,1,13,1,DoS,1,17833.11719
175.45.176.1,149.171.126.10,FIN,0.248975,616,268,254,252,2,1,-,17833.11719,7197.509766,10,6,255,255,299634366,3688078777,62,45,0,0,1266.713866,61.691055,1424260161,1424260161,24.243556,44.954801,0.097228,0.024192,0.073036,0,1,,, ,1,1,17,1,DoS,1,7804.062012
175.45.176.3,149.171.126.10,FIN,0.583286,632,354,62,252,2,1,http,7804.062012,4251.773438,10,8,255,255,2978320517,672222188,63,44,1,0,3886.28157,122.723461,1424260278,1424260278,64.709444,75.018859,0.126456,0.058146,0.06831,0,1,1,, ,1,1,1,1,DoS,1,32712.22266
175.45.176.3,149.171.126.10,FIN,0.339445,1542,268,254,252,2,1,ftp,32712.22266,5279.206055,10,6,255,255,2393842718,3123136892,154,45,0,0,1790.646229,82.509203,1424260337,1424260337,34.041,56.413602,0.124443,0.057374,0.067069,0,1,,, ,1,1,2,1,DoS,1,16513.69727
175.45.176.2,149.171.126.11,FIN,0.505762,1138,688,254,252,3,2,-,16513.69727,9522.265625,12,8,255,255,3246782668,4170973001,95,86,0,0,2102.358302,84.483867,1424260395,1424260396,41.322636,68.75243,0.081305,0.024486,0.056819,0,1,,, ,1,1,1,1,DoS,1,7978.165527
175.45.176.0,149.171.126.10,FIN,2.395538,2514,1138,62,252,6,6,smtp,7978.165527,3563.29126,20,16,255,255,4209967623,1404739072,126,71,0,0,6467.647781,215.934984,1424260395,1424260398,126.080941,156.251328,0.113039,0.050649,0.06239,0,1,,, ,1,1,1,1,DoS,1,53741.29688
175.45.176.2,149.171.126.12,FIN,0.529202,3878,354,254,252,3,1,http,53741.29688,4686.30127,12,8,255,255,2142139390,1529351120,323,44,1,0,3459.411241,108.600328,1424260534,1424260535,48.021635,70.16457,0.092823,0.038041,0.054782,0,1,1,, ,2,1,1,3,DoS,1,83854.69531
175.45.176.1,149.171.126.11,FIN,0.891256,9715,1878,254,252,10,8,smtp,83854.69531,16022.33301,26,20,255,255,3801260905,140518803,374,94,0,0,2024.605462,59.762348,1424260572,1424260572,35.608719,45.423211,0.054233,0.02821,0.026023,0,1,,, ,1,1,1,1,DoS,1,10047.02637
175.45.176.2,149.171.126.11,CON,0.252413,362,178,254,60,0,0,-,10047.02637,4247.007812,8,4,0,0,0,0,45,45,0,0,61.447676,60.153574,1424260593,1424260593,36.059,42.54,0,0,0,0,0,,, ,2,1,1,1,DoS,1,14680.75684
175.45.176.3,149.171.126.11,FIN,0.458287,934,354,254,252,2,1,-,14680.75684,5411.456055,10,8,255,255,1928580571,4189755185,93,44,0,0,3351.322297,120.706672,1424260606,1424260607,49.508889,62.459145,0.07539,0.021055,0.054335,0,1,,, ,1,1,1,1,DoS,1,114666664
175.45.176.0,149.171.126.11,INT,0.000003,86,0,254,0,0,0,-,114666664,0,2,0,0,0,0,0,43,0,0,0,0,0,1424260639,1424260639,0.003,0,0,0,0,0,2,,, ,1,1,1,17,DoS,1,331115.6875
175.45.176.1,149.171.126.12,FIN,0.790926,33620,1238,62,252,16,6,smtp,331115.6875,11834.23047,38,18,255,255,1370627629,3693384718,885,69,0,0,1540.314482,56.562059,1424260665,1424260665,20.784135,45.504059,0.065291,0.017337,0.047954,0,1,,, ,1,1,1,1,DoS,1,640000000
175.45.176.0,149.171.126.12,INT,0.000004,640,0,254,0,0,0,-,640000000,0,2,0,0,0,0,0,320,0,0,0,0,0,1424260764,1424260764,0.004,0,0,0,0,0,2,,, ,2,2,2,2,DoS,1,640000000
175.45.176.0,149.171.126.12,INT,0.000004,640,0,254,0,0,0,-,640000000,0,2,0,0,0,0,0,320,0,0,0,0,0,1424260764,1424260764,0.004,0,0,0,0,0,2,,, ,2,2,2,2,DoS,1,640000000
175.45.176.0,149.171.126.12,INT,0.000004,640,0,254,0,0,0,-,640000000,0,2,0,0,0,0,0,320,0,0,0,0,0,1424260764,1424260764,0.004,0,0,0,0,0,2,,, ,2,2,2,2,DoS,1,640000000
175.45.176.0,149.171.126.12,INT,0.000004,640,0,254,0,0,0,-,640000000,0,2,0,0,0,0,0,320,0,0,0,0,0,1424260764,1424260764,0.004,0,0,0,0,0,2,,, ,2,2,2,2,DoS,1,640000000
175.45.176.0,149.171.126.12,INT,0.000004,640,0,254,0,0,0,-,640000000,0,2,0,0,0,0,0,320,0,0,0,0,0,1424260764,1424260764,0.004,0,0,0,0,0,2,,, ,2,2,2,2,DoS,1,640000000
175.45.176.0,149.171.126.12,INT,0.000004,640,0,254,0,0,0,-,640000000,0,2,0,0,0,0,0,320,0,0,0,0,0,1424260764,1424260764,0.004,0,0,0,0,0,2,,, ,2,2,2,2,DoS,1,640000000
175.45.176.0,149.171.126.12,INT,0.000004,640,0,254,0,0,0,-,640000000,0,2,0,0,0,0,0,320,0,0,0,0,0,1424260764,1424260764,0.004,0,0,0,0,0,2,,, ,2,2,2,2,DoS,1,640000000
175.45.176.0,149.171.126.12,INT,0.000004,640,0,254,0,0,0,-,640000000,0,2,0,0,0,0,0,320,0,0,0,0,0,1424260764,1424260764,0.004,0,0,0,0,0,2,,, ,2,2,2,2,DoS,1,640000000
175.45.176.0,149.171.126.12,INT,0.000004,640,0,254,0,0,0,-,640000000,0,2,0,0,0,0,0,320,0,0,0,0,0,1424260764,1424260764,0.004,0,0,0,0,0,2,,, ,2,2,2,2,DoS,1,640000000
175.45.176.0,149.171.126.12,INT,0.000004,640,0,254,0,0,0,-,640000000,0,2,0,0,0,0,0,320,0,0,0,0,0,1424260764,1424260764,0.004,0,0,0,0,0,2,,, ,2,2,2,2,DoS,1,640000000
175.45.176.0,149.171.126.12,INT,0.000004,640,0,254,0,0,0,-,640000000,0,2,0,0,0,0,0,320,0,0,0,0,0,1424260764,1424260764,0.004,0,0,0,0,0,2,,, ,2,2,2,2,DoS,1,640000000
175.45.176.0,149.171.126.12,INT,0.000004,640,0,254,0,0,0,-,640000000,0,2,0,0,0,0,0,320,0,0,0,0,0,1424260764,1424260764,0.004,0,0,0,0,0,2,,, ,2,2,2,2,DoS,1,640000000
175.45.176.0,149.171.126.12,INT,0.000004,640,0,254,0,0,0,-,640000000,0,2,0,0,0,0,0,320,0,0,0,0,0,1424260764,1424260764,0.004,0,0,0,0,0,2,,, ,2,2,2,2,DoS,1,640000000
175.45.176.0,149.171.126.12,INT,0.000004,640,0,254,0,0,0,-,640000000,0,2,0,0,0,0,0,320,0,0,0,0,0,1424260764,1424260764,0.004,0,0,0,0,0,2,,, ,2,2,2,2,DoS,1,181333328
175.45.176.1,149.171.126.10,INT,0.000003,136,0,254,0,0,0,snmp,181333328,0,2,0,0,0,0,0,68,0,0,0,0,0,1424260766,1424260766,0.003,0,0,0,0,0,2,,, ,1,1,18,1,DoS,1,11534.94141
175.45.176.0,149.171.126.11,FIN,0.478546,766,1544,62,252,2,2,http,11534.94141,22585.08008,10,8,255,255,1702009631,3133728957,77,193,1,364,3344.503261,122.056031,1424260787,1424260787,53.171778,66.794,0.057065,0.009905,0.04716,0,1,1,, ,2,1,1,1,DoS,1,17142.91992
175.45.176.3,149.171.126.10,FIN,1.458328,3273,1714,62,252,8,8,smtp,17142.91992,8936.260742,22,20,255,255,138359618,3005482881,149,86,0,0,3371.875229,94.560102,1424260835,1424260837,69.444192,73.883687,0.097948,0.035034,0.062914,0,1,,, ,1,1,1,1,DoS,1,8568.489258
175.45.176.1,149.171.126.11,FIN,0.872966,1006,41946,62,252,2,16,http,8568.489258,373723.5938,14,36,255,255,4192581855,2754642086,72,1165,1,19968,3385.137994,2909.373288,1424260846,1424260847,67.067772,23.251715,0.201529,0.059151,0.142378,0,1,1,, ,1,1,1,2,DoS,1,4898.780273
175.45.176.1,149.171.126.11,FIN,0.520946,364,13092,254,252,1,6,-,4898.780273,188487.8594,8,16,255,255,279794458,4238119167,46,818,0,0,4146.683503,0,1424260864,1424260865,74.420855,29.726466,0.151822,0.074263,0.077559,0,1,,, ,2,1,1,1,DoS,1,15269.12109
175.45.176.2,149.171.126.11,FIN,1.388947,2790,1658,254,252,7,8,smtp,15269.12109,9077.379883,20,20,255,255,2948684796,2496479596,140,83,0,0,3563.034295,86.358625,1424260906,1424260908,73.102477,70.438211,0.109398,0.049738,0.05966,0,1,,, ,1,1,1,1,DoS,1,9175.101562
175.45.176.1,149.171.126.11,FIN,0.615579,784,1364,62,252,2,2,http,9175.101562,15517.09863,10,8,255,255,4214105915,1847340723,78,171,1,278,3474.626579,137.909469,1424260932,1424260932,68.397667,77.05243,0.220744,0.062429,0.158315,0,1,1,, ,1,1,1,1,DoS,1,3013.334717
175.45.176.2,149.171.126.11,FIN,3.031857,1196,2738,62,252,6,7,-,3013.334717,6823.541016,22,18,255,255,1965076775,2778252588,54,152,0,0,8149.914096,243.924656,1424261027,1424261030,144.330994,173.798875,0.159392,0.077267,0.082125,0,1,,, ,1,1,1,1,DoS,1,10868.80859
175.45.176.0,149.171.126.11,FIN,0.54615,824,268,62,252,2,1,-,10868.80859,3281.149658,10,6,255,255,4138501581,2258858304,82,45,0,0,2898.750007,116.269125,1424261052,1424261053,51.769,92.763203,0.112499,0.082325,0.030174,0,1,,, ,2,2,1,12,DoS,1,2777.200684
175.45.176.1,149.171.126.12,CON,1.227135,568,432,254,60,0,0,-,2777.200684,1408.158081,4,2,0,0,0,0,142,216,0,0,578.47275,0,1424261084,1424261086,409.045,0.008,0,0,0,0,0,,, ,2,2,2,2,DoS,1,2777.200684
175.45.176.1,149.171.126.12,CON,1.227135,568,432,254,60,0,0,-,2777.200684,1408.158081,4,2,0,0,0,0,142,216,0,0,578.47275,0,1424261084,1424261086,409.045,0.008,0,0,0,0,0,,, ,2,2,2,2,DoS,1,2777.200684
175.45.176.1,149.171.126.12,CON,1.227135,568,432,254,60,0,0,-,2777.200684,1408.158081,4,2,0,0,0,0,142,216,0,0,578.47275,0,1424261084,1424261086,409.045,0.008,0,0,0,0,0,,, ,2,2,2,2,DoS,1,2777.200684
175.45.176.1,149.171.126.12,CON,1.227135,568,432,254,60,0,0,-,2777.200684,1408.158081,4,2,0,0,0,0,142,216,0,0,578.47275,0,1424261084,1424261086,409.045,0.008,0,0,0,0,0,,, ,2,2,2,2,DoS,1,2777.200684
175.45.176.1,149.171.126.12,CON,1.227135,568,432,254,60,0,0,-,2777.200684,1408.158081,4,2,0,0,0,0,142,216,0,0,578.47275,0,1424261084,1424261086,409.045,0.008,0,0,0,0,0,,, ,2,2,2,2,DoS,1,2777.200684
175.45.176.1,149.171.126.12,CON,1.227135,568,432,254,60,0,0,-,2777.200684,1408.158081,4,2,0,0,0,0,142,216,0,0,578.47275,0,1424261084,1424261086,409.045,0.008,0,0,0,0,0,,, ,2,2,2,2,DoS,1,2777.200684
175.45.176.1,149.171.126.12,CON,1.227135,568,432,254,60,0,0,-,2777.200684,1408.158081,4,2,0,0,0,0,142,216,0,0,578.47275,0,1424261084,1424261086,409.045,0.008,0,0,0,0,0,,, ,2,2,2,2,DoS,1,2777.200684
175.45.176.1,149.171.126.12,CON,1.227135,568,432,254,60,0,0,-,2777.200684,1408.158081,4,2,0,0,0,0,142,216,0,0,578.47275,0,1424261084,1424261086,409.045,0.008,0,0,0,0,0,,, ,2,2,2,2,DoS,1,10491.65723
175.45.176.2,149.171.126.12,FIN,0.937888,1366,268,254,252,2,1,http,10491.65723,1910.675903,10,6,255,255,4130711886,34133681,137,45,1,0,5325.386495,288.614625,1424261133,1424261134,100.013444,167.782797,0.228671,0.098971,0.1297,0,1,1,, ,1,1,1,1,DoS,1,6365.407227
175.45.176.1,149.171.126.12,FIN,3.384544,2834,1926,254,252,7,8,smtp,6365.407227,4325.545898,20,20,255,255,4293671787,2409802657,142,96,0,0,9349.235529,211.486,1424261131,1424261135,178.13389,173.616469,0.233927,0.084979,0.148948,0,1,,, ,1,1,1,1,DoS,1,442941.3438
175.45.176.1,149.171.126.12,FIN,3.608875,201120,1300,254,252,74,1,http,442941.3438,2786.463867,154,30,255,255,135286,2292178847,1306,43,1,0,2867.836895,200.965391,1424261144,1424261147,23.248366,119.829313,0.231008,0.133823,0.097185,0,1,1,, ,1,1,1,1,DoS,1,4063.418701
175.45.176.2,149.171.126.12,FIN,1.909722,1034,60633,62,252,2,23,http,4063.418701,249112.7031,16,52,255,255,2339294443,854410772,65,1166,1,29015,7310.184309,4194.423931,1424261174,1424261176,127.314806,36.117559,0.185101,0.103026,0.082075,0,1,1,, ,1,1,1,1,DoS,1,23291.33203
175.45.176.2,149.171.126.12,FIN,0.84598,2736,268,254,252,2,1,-,23291.33203,2118.253418,10,6,255,255,3346464543,4137385697,274,45,0,0,5579.762528,256.340062,1424261211,1424261212,93.997778,141.884406,0.236064,0.135678,0.100386,0,1,,, ,1,1,1,1,DoS,1,10410.62598
175.45.176.1,149.171.126.10,FIN,0.85528,1236,354,62,252,2,1,http,10410.62598,2899.635254,10,8,255,255,677352604,4036227544,124,44,1,0,5734.646989,170.859297,1424261383,1424261384,94.937778,109.431141,0.154633,0.089259,0.065374,0,1,1,, ,1,5,2,2,DoS,1,136043.9375
175.45.176.0,149.171.126.10,FIN,4.047457,69826,2128,254,252,32,8,smtp,136043.9375,4055.879883,70,28,255,255,116648098,2836005528,998,76,0,0,7690.498549,365.179219,1424261436,1424261440,58.658798,151.493609,0.228738,0.107964,0.120774,0,1,,, ,1,1,2,1,DoS,1,625.429626
175.45.176.1,149.171.126.12,FIN,9.439911,820,1420,62,252,2,2,http,625.429626,1083.061035,10,10,255,255,3351643262,35927141,82,142,1,245,70026.65563,1942.891375,1424261446,1424261455,1048.864889,1037.86425,0.128948,0.09913,0.029818,0,1,1,, ,2,1,1,3,DoS,1,258.430237
175.45.176.0,149.171.126.12,INT,37.642654,1280,0,254,0,0,0,-,258.430237,0,20,0,0,0,0,0,64,0,0,0,2308.8885,0,1424261421,1424261458,1981.19225,0,0,0,0,0,2,,, ,2,2,2,2,DoS,1,258.430237
175.45.176.0,149.171.126.12,INT,37.642654,1280,0,254,0,0,0,-,258.430237,0,20,0,0,0,0,0,64,0,0,0,2308.8885,0,1424261421,1424261458,1981.19225,0,0,0,0,0,2,,, ,2,2,2,2,DoS,1,258.430237
175.45.176.0,149.171.126.12,INT,37.642654,1280,0,254,0,0,0,-,258.430237,0,20,0,0,0,0,0,64,0,0,0,2308.8885,0,1424261421,1424261458,1981.19225,0,0,0,0,0,2,,, ,2,2,2,2,DoS,1,258.430237
175.45.176.0,149.171.126.12,INT,37.642654,1280,0,254,0,0,0,-,258.430237,0,20,0,0,0,0,0,64,0,0,0,2308.8885,0,1424261421,1424261458,1981.19225,0,0,0,0,0,2,,, ,2,2,2,2,DoS,1,258.430237
175.45.176.0,149.171.126.12,INT,37.642654,1280,0,254,0,0,0,-,258.430237,0,20,0,0,0,0,0,64,0,0,0,2308.8885,0,1424261421,1424261458,1981.19225,0,0,0,0,0,2,,, ,2,2,2,2,DoS,1,258.430237
175.45.176.0,149.171.126.12,INT,37.642654,1280,0,254,0,0,0,-,258.430237,0,20,0,0,0,0,0,64,0,0,0,2308.8885,0,1424261421,1424261458,1981.19225,0,0,0,0,0,2,,, ,2,2,2,2,DoS,1,258.430237
175.45.176.0,149.171.126.12,INT,37.642654,1280,0,254,0,0,0,-,258.430237,0,20,0,0,0,0,0,64,0,0,0,2308.8885,0,1424261421,1424261458,1981.19225,0,0,0,0,0,2,,, ,2,2,2,2,DoS,1,258.430237
175.45.176.0,149.171.126.12,INT,37.642654,1280,0,254,0,0,0,-,258.430237,0,20,0,0,0,0,0,64,0,0,0,2308.8885,0,1424261421,1424261458,1981.19225,0,0,0,0,0,2,,, ,2,2,2,2,DoS,1,258.430237
175.45.176.0,149.171.126.12,INT,37.642654,1280,0,254,0,0,0,-,258.430237,0,20,0,0,0,0,0,64,0,0,0,2308.8885,0,1424261421,1424261458,1981.19225,0,0,0,0,0,2,,, ,2,2,2,2,DoS,1,258.430237
175.45.176.0,149.171.126.12,INT,37.642654,1280,0,254,0,0,0,-,258.430237,0,20,0,0,0,0,0,64,0,0,0,2308.8885,0,1424261421,1424261458,1981.19225,0,0,0,0,0,2,,, ,2,2,2,2,DoS,1,258.430237
175.45.176.0,149.171.126.12,INT,37.642654,1280,0,254,0,0,0,-,258.430237,0,20,0,0,0,0,0,64,0,0,0,2308.8885,0,1424261421,1424261458,1981.19225,0,0,0,0,0,2,,, ,2,2,2,2,DoS,1,258.430237
175.45.176.0,149.171.126.12,INT,37.642654,1280,0,254,0,0,0,-,258.430237,0,20,0,0,0,0,0,64,0,0,0,2308.8885,0,1424261421,1424261458,1981.19225,0,0,0,0,0,2,,, ,2,2,2,2,DoS,1,258.430237
175.45.176.0,149.171.126.12,INT,37.642654,1280,0,254,0,0,0,-,258.430237,0,20,0,0,0,0,0,64,0,0,0,2308.8885,0,1424261421,1424261458,1981.19225,0,0,0,0,0,2,,, ,2,2,2,2,DoS,1,258.430237
175.45.176.0,149.171.126.12,INT,37.642654,1280,0,254,0,0,0,-,258.430237,0,20,0,0,0,0,0,64,0,0,0,2308.8885,0,1424261421,1424261458,1981.19225,0,0,0,0,0,2,,, ,2,2,2,2,DoS,1,25664.89258
175.45.176.3,149.171.126.10,FIN,4.603643,15546,354,254,252,7,1,-,25664.89258,538.703796,20,8,255,255,5645893,2717586253,777,44,0,0,23833.11879,1166.311375,1424261497,1424261502,242.296993,646.042688,0.17226,0.080656,0.091604,0,1,,, ,1,1,1,1,DoS,1,460800000
175.45.176.1,149.171.126.12,INT,0.00001,1152,0,254,0,0,0,dhcp,460800000,0,2,0,0,0,0,0,576,0,0,0,0,0,1424261542,1424261542,0.01,0,0,0,0,0,2,,, ,2,2,2,3,DoS,1,460800000
175.45.176.1,149.171.126.12,INT,0.00001,1152,0,254,0,0,0,dhcp,460800000,0,2,0,0,0,0,0,576,0,0,0,0,0,1424261542,1424261542,0.01,0,0,0,0,0,2,,, ,2,2,2,3,DoS,1,9929.639648
175.45.176.2,149.171.126.11,FIN,0.539798,744,968,62,252,2,2,http,9929.639648,12552.84375,10,8,255,255,2113780995,2979885723,74,121,1,87,3180.572107,101.64143,1424261565,1424261565,59.977556,64.09443,0.133379,0.064546,0.068833,0,1,1,, ,1,1,1,1,DoS,1,3708.223389
175.45.176.3,149.171.126.12,FIN,1.251273,644,354,254,252,2,1,http,3708.223389,1981.981445,10,8,255,255,3227499739,852284790,64,44,1,0,8601.681207,234.442641,1424261574,1424261575,138.927444,164.707281,0.241607,0.098313,0.143294,0,1,1,, ,3,1,1,2,DoS,1,1938.366455
175.45.176.3,149.171.126.10,INT,59.49752,14688,0,254,0,0,0,-,1938.366455,0,54,0,0,0,0,0,272,0,0,0,1293.59325,0,1424261531,1424261591,1122.594375,0,0,0,0,0,2,,, ,2,2,5,4,DoS,1,1938.366455
175.45.176.3,149.171.126.10,INT,59.49752,14688,0,254,0,0,0,-,1938.366455,0,54,0,0,0,0,0,272,0,0,0,1293.59325,0,1424261531,1424261591,1122.594375,0,0,0,0,0,2,,, ,2,2,5,4,DoS,1,1938.366455
175.45.176.3,149.171.126.10,INT,59.49752,14688,0,254,0,0,0,-,1938.366455,0,54,0,0,0,0,0,272,0,0,0,1293.59325,0,1424261531,1424261591,1122.594375,0,0,0,0,0,2,,, ,2,2,5,4,DoS,1,1938.366455
175.45.176.3,149.171.126.10,INT,59.49752,14688,0,254,0,0,0,-,1938.366455,0,54,0,0,0,0,0,272,0,0,0,1293.59325,0,1424261531,1424261591,1122.594375,0,0,0,0,0,2,,, ,2,2,5,4,DoS,1,1938.366455
175.45.176.3,149.171.126.10,INT,59.49752,14688,0,254,0,0,0,-,1938.366455,0,54,0,0,0,0,0,272,0,0,0,1293.59325,0,1424261531,1424261591,1122.594375,0,0,0,0,0,2,,, ,2,2,5,4,DoS,1,1938.366455
175.45.176.3,149.171.126.10,INT,59.49752,14688,0,254,0,0,0,-,1938.366455,0,54,0,0,0,0,0,272,0,0,0,1293.59325,0,1424261531,1424261591,1122.594375,0,0,0,0,0,2,,, ,2,2,5,4,DoS,1,1938.366455
175.45.176.3,149.171.126.10,INT,59.49752,14688,0,254,0,0,0,-,1938.366455,0,54,0,0,0,0,0,272,0,0,0,1293.59325,0,1424261531,1424261591,1122.594375,0,0,0,0,0,2,,, ,2,2,5,4,DoS,1,1938.366455
175.45.176.3,149.171.126.10,INT,59.49752,14688,0,254,0,0,0,-,1938.366455,0,54,0,0,0,0,0,272,0,0,0,1293.59325,0,1424261531,1424261591,1122.594375,0,0,0,0,0,2,,, ,2,2,5,4,DoS,1,1938.366455
175.45.176.3,149.171.126.10,INT,59.49752,14688,0,254,0,0,0,-,1938.366455,0,54,0,0,0,0,0,272,0,0,0,1293.59325,0,1424261531,1424261591,1122.594375,0,0,0,0,0,2,,, ,2,2,5,4,DoS,1,1938.366455
175.45.176.3,149.171.126.10,INT,59.49752,14688,0,254,0,0,0,-,1938.366455,0,54,0,0,0,0,0,272,0,0,0,1293.59325,0,1424261531,1424261591,1122.594375,0,0,0,0,0,2,,, ,2,2,5,4,DoS,1,438.40152
175.45.176.2,149.171.126.11,INT,15.602136,900,0,254,0,0,0,-,438.40152,0,20,0,0,0,0,0,45,0,0,0,987.040687,0,1424261582,1424261598,821.165062,0,0,0,0,0,2,,, ,2,2,3,3,DoS,1,438.40152
175.45.176.2,149.171.126.11,INT,15.602136,900,0,254,0,0,0,-,438.40152,0,20,0,0,0,0,0,45,0,0,0,987.040687,0,1424261582,1424261598,821.165062,0,0,0,0,0,2,,, ,2,2,3,3,DoS,1,438.40152
175.45.176.2,149.171.126.11,INT,15.602136,900,0,254,0,0,0,-,438.40152,0,20,0,0,0,0,0,45,0,0,0,987.040687,0,1424261582,1424261598,821.165062,0,0,0,0,0,2,,, ,2,2,3,3,DoS,1,438.40152
175.45.176.2,149.171.126.11,INT,15.602136,900,0,254,0,0,0,-,438.40152,0,20,0,0,0,0,0,45,0,0,0,987.040687,0,1424261582,1424261598,821.165062,0,0,0,0,0,2,,, ,2,2,3,3,DoS,1,438.40152
175.45.176.2,149.171.126.11,INT,15.602136,900,0,254,0,0,0,-,438.40152,0,20,0,0,0,0,0,45,0,0,0,987.040687,0,1424261582,1424261598,821.165062,0,0,0,0,0,2,,, ,2,2,3,3,DoS,1,438.40152
175.45.176.2,149.171.126.11,INT,15.602136,900,0,254,0,0,0,-,438.40152,0,20,0,0,0,0,0,45,0,0,0,987.040687,0,1424261582,1424261598,821.165062,0,0,0,0,0,2,,, ,2,2,3,3,DoS,1,438.40152
175.45.176.2,149.171.126.11,INT,15.602136,900,0,254,0,0,0,-,438.40152,0,20,0,0,0,0,0,45,0,0,0,987.040687,0,1424261582,1424261598,821.165062,0,0,0,0,0,2,,, ,2,2,3,3,DoS,1,438.40152
175.45.176.2,149.171.126.11,INT,15.602136,900,0,254,0,0,0,-,438.40152,0,20,0,0,0,0,0,45,0,0,0,987.040687,0,1424261582,1424261598,821.165062,0,0,0,0,0,2,,, ,2,2,3,3,DoS,1,438.40152
175.45.176.2,149.171.126.11,INT,15.602136,900,0,254,0,0,0,-,438.40152,0,20,0,0,0,0,0,45,0,0,0,987.040687,0,1424261582,1424261598,821.165062,0,0,0,0,0,2,,, ,2,2,3,3,DoS,1,438.40152
175.45.176.2,149.171.126.11,INT,15.602136,900,0,254,0,0,0,-,438.40152,0,20,0,0,0,0,0,45,0,0,0,987.040687,0,1424261582,1424261598,821.165062,0,0,0,0,0,2,,, ,2,2,3,3,DoS,1,438.40152
175.45.176.2,149.171.126.11,INT,15.602136,900,0,254,0,0,0,-,438.40152,0,20,0,0,0,0,0,45,0,0,0,987.040687,0,1424261582,1424261598,821.165062,0,0,0,0,0,2,,, ,2,2,3,3,DoS,1,438.40152
175.45.176.2,149.171.126.11,INT,15.602136,900,0,254,0,0,0,-,438.40152,0,20,0,0,0,0,0,45,0,0,0,987.040687,0,1424261582,1424261598,821.165062,0,0,0,0,0,2,,, ,2,2,3,3,DoS,1,438.40152
175.45.176.2,149.171.126.11,INT,15.602136,900,0,254,0,0,0,-,438.40152,0,20,0,0,0,0,0,45,0,0,0,987.040687,0,1424261582,1424261598,821.165062,0,0,0,0,0,2,,, ,2,2,3,3,DoS,1,438.40152
175.45.176.2,149.171.126.11,INT,15.602136,900,0,254,0,0,0,-,438.40152,0,20,0,0,0,0,0,45,0,0,0,987.040687,0,1424261582,1424261598,821.165062,0,0,0,0,0,2,,, ,2,2,3,3,DoS,1,4033.253174
175.45.176.1,149.171.126.12,FIN,1.426144,798,1196,62,252,2,2,http,4033.253174,5873.179688,10,8,255,255,112629192,3471402441,80,150,1,199,9660.165125,406.557656,1424261614,1424261616,158.460444,188.887281,0.156894,0.078723,0.078171,0,1,1,, ,1,1,1,1,DoS,1,11816.48828
175.45.176.1,149.171.126.11,FIN,0.909238,1446,2272,254,252,4,3,-,11816.48828,17993.08984,14,10,255,255,2603907165,638065667,103,227,0,0,3839.309376,123.202672,1424261618,1424261619,67.105767,95.696891,0.087465,0.047957,0.039508,0,1,,, ,1,1,1,1,DoS,1,2476.025635
175.45.176.3,149.171.126.10,REQ,58.881458,18496,0,254,0,0,0,-,2476.025635,0,68,0,0,0,0,0,272,0,0,0,1146.88425,0,1424261594,1424261653,919.770813,0,0,0,0,0,6,,, ,2,2,3,4,DoS,1,2476.025635
175.45.176.3,149.171.126.10,REQ,58.881458,18496,0,254,0,0,0,-,2476.025635,0,68,0,0,0,0,0,272,0,0,0,1146.88425,0,1424261594,1424261653,919.770813,0,0,0,0,0,6,,, ,2,2,3,4,DoS,1,2476.025635
175.45.176.3,149.171.126.10,REQ,58.881458,18496,0,254,0,0,0,-,2476.025635,0,68,0,0,0,0,0,272,0,0,0,1146.88425,0,1424261594,1424261653,919.770813,0,0,0,0,0,6,,, ,2,2,3,4,DoS,1,2476.025635
175.45.176.3,149.171.126.10,REQ,58.881458,18496,0,254,0,0,0,-,2476.025635,0,68,0,0,0,0,0,272,0,0,0,1146.88425,0,1424261594,1424261653,919.770813,0,0,0,0,0,6,,, ,2,2,3,4,DoS,1,2476.025635
175.45.176.3,149.171.126.10,REQ,58.881458,18496,0,254,0,0,0,-,2476.025635,0,68,0,0,0,0,0,272,0,0,0,1146.88425,0,1424261594,1424261653,919.770813,0,0,0,0,0,6,,, ,2,2,3,4,DoS,1,2476.025635
175.45.176.3,149.171.126.10,REQ,58.881458,18496,0,254,0,0,0,-,2476.025635,0,68,0,0,0,0,0,272,0,0,0,1146.88425,0,1424261594,1424261653,919.770813,0,0,0,0,0,6,,, ,2,2,3,4,DoS,1,2476.025635
175.45.176.3,149.171.126.10,REQ,58.881458,18496,0,254,0,0,0,-,2476.025635,0,68,0,0,0,0,0,272,0,0,0,1146.88425,0,1424261594,1424261653,919.770813,0,0,0,0,0,6,,, ,2,2,3,4,DoS,1,2476.025635
175.45.176.3,149.171.126.10,REQ,58.881458,18496,0,254,0,0,0,-,2476.025635,0,68,0,0,0,0,0,272,0,0,0,1146.88425,0,1424261594,1424261653,919.770813,0,0,0,0,0,6,,, ,2,2,3,4,DoS,1,2476.025635
175.45.176.3,149.171.126.10,REQ,58.881458,18496,0,254,0,0,0,-,2476.025635,0,68,0,0,0,0,0,272,0,0,0,1146.88425,0,1424261594,1424261653,919.770813,0,0,0,0,0,6,,, ,2,2,3,4,DoS,1,2476.025635
175.45.176.3,149.171.126.10,REQ,58.881458,18496,0,254,0,0,0,-,2476.025635,0,68,0,0,0,0,0,272,0,0,0,1146.88425,0,1424261594,1424261653,919.770813,0,0,0,0,0,6,,, ,2,2,3,4,DoS,1,7322.919922
175.45.176.1,149.171.126.11,FIN,0.75926,772,982,62,252,2,2,http,7322.919922,9314.332031,10,10,255,255,2296133198,2337219398,77,98,1,51,5382.260445,122.357812,1424261664,1424261665,84.350111,76.551664,0.11867,0.070292,0.048378,0,1,1,, ,1,1,1,1,DoS,1,96000000
175.45.176.1,149.171.126.10,INT,0.000009,216,0,62,0,0,0,-,96000000,0,2,0,0,0,0,0,108,0,0,0,0,0,1424261709,1424261709,0.009,0,0,0,0,0,2,,, ,1,1,2,1,DoS,1,2307.859131
175.45.176.3,149.171.126.10,REQ,59.400505,17408,0,254,0,0,0,-,2307.859131,0,64,0,0,0,0,0,272,0,0,0,1174.32875,0,1424261655,1424261714,954.815563,0,0,0,0,0,6,,, ,2,2,3,3,DoS,1,2307.859131
175.45.176.3,149.171.126.10,REQ,59.400505,17408,0,254,0,0,0,-,2307.859131,0,64,0,0,0,0,0,272,0,0,0,1174.32875,0,1424261655,1424261714,954.815563,0,0,0,0,0,6,,, ,2,2,3,3,DoS,1,2307.859131
175.45.176.3,149.171.126.10,REQ,59.400505,17408,0,254,0,0,0,-,2307.859131,0,64,0,0,0,0,0,272,0,0,0,1174.32875,0,1424261655,1424261714,954.815563,0,0,0,0,0,6,,, ,2,2,3,3,DoS,1,2307.859131
175.45.176.3,149.171.126.10,REQ,59.400505,17408,0,254,0,0,0,-,2307.859131,0,64,0,0,0,0,0,272,0,0,0,1174.32875,0,1424261655,1424261714,954.815563,0,0,0,0,0,6,,, ,2,2,3,3,DoS,1,2307.859131
175.45.176.3,149.171.126.10,REQ,59.400505,17408,0,254,0,0,0,-,2307.859131,0,64,0,0,0,0,0,272,0,0,0,1174.32875,0,1424261655,1424261714,954.815563,0,0,0,0,0,6,,, ,2,2,3,3,DoS,1,2307.859131
175.45.176.3,149.171.126.10,REQ,59.400505,17408,0,254,0,0,0,-,2307.859131,0,64,0,0,0,0,0,272,0,0,0,1174.32875,0,1424261655,1424261714,954.815563,0,0,0,0,0,6,,, ,2,2,3,3,DoS,1,2307.859131
175.45.176.3,149.171.126.10,REQ,59.400505,17408,0,254,0,0,0,-,2307.859131,0,64,0,0,0,0,0,272,0,0,0,1174.32875,0,1424261655,1424261714,954.815563,0,0,0,0,0,6,,, ,2,2,3,3,DoS,1,2307.859131
175.45.176.3,149.171.126.10,REQ,59.400505,17408,0,254,0,0,0,-,2307.859131,0,64,0,0,0,0,0,272,0,0,0,1174.32875,0,1424261655,1424261714,954.815563,0,0,0,0,0,6,,, ,2,2,3,3,DoS,1,2307.859131
175.45.176.3,149.171.126.10,REQ,59.400505,17408,0,254,0,0,0,-,2307.859131,0,64,0,0,0,0,0,272,0,0,0,1174.32875,0,1424261655,1424261714,954.815563,0,0,0,0,0,6,,, ,2,2,3,3,DoS,1,2307.859131
175.45.176.3,149.171.126.10,REQ,59.400505,17408,0,254,0,0,0,-,2307.859131,0,64,0,0,0,0,0,272,0,0,0,1174.32875,0,1424261655,1424261714,954.815563,0,0,0,0,0,6,,, ,2,2,3,3,DoS,1,2018.529541
175.45.176.3,149.171.126.10,REQ,16.170187,4352,0,254,0,0,0,-,2018.529541,0,16,0,0,0,0,0,272,0,0,0,1493.258125,0,1424261719,1424261735,1290.972,0,0,0,0,0,6,,, ,2,2,13,4,DoS,1,2018.529541
175.45.176.3,149.171.126.10,REQ,16.170187,4352,0,254,0,0,0,-,2018.529541,0,16,0,0,0,0,0,272,0,0,0,1493.258125,0,1424261719,1424261735,1290.972,0,0,0,0,0,6,,, ,2,2,13,4,DoS,1,2018.529541
175.45.176.3,149.171.126.10,REQ,16.170187,4352,0,254,0,0,0,-,2018.529541,0,16,0,0,0,0,0,272,0,0,0,1493.258125,0,1424261719,1424261735,1290.972,0,0,0,0,0,6,,, ,2,2,13,4,DoS,1,2018.529541
175.45.176.3,149.171.126.10,REQ,16.170187,4352,0,254,0,0,0,-,2018.529541,0,16,0,0,0,0,0,272,0,0,0,1493.258125,0,1424261719,1424261735,1290.972,0,0,0,0,0,6,,, ,2,2,13,4,DoS,1,2018.529541
175.45.176.3,149.171.126.10,REQ,16.170187,4352,0,254,0,0,0,-,2018.529541,0,16,0,0,0,0,0,272,0,0,0,1493.258125,0,1424261719,1424261735,1290.972,0,0,0,0,0,6,,, ,2,2,13,4,DoS,1,2018.529541
175.45.176.3,149.171.126.10,REQ,16.170187,4352,0,254,0,0,0,-,2018.529541,0,16,0,0,0,0,0,272,0,0,0,1493.258125,0,1424261719,1424261735,1290.972,0,0,0,0,0,6,,, ,2,2,13,4,DoS,1,2018.529541
175.45.176.3,149.171.126.10,REQ,16.170187,4352,0,254,0,0,0,-,2018.529541,0,16,0,0,0,0,0,272,0,0,0,1493.258125,0,1424261719,1424261735,1290.972,0,0,0,0,0,6,,, ,2,2,13,4,DoS,1,2018.529541
175.45.176.3,149.171.126.10,REQ,16.170187,4352,0,254,0,0,0,-,2018.529541,0,16,0,0,0,0,0,272,0,0,0,1493.258125,0,1424261719,1424261735,1290.972,0,0,0,0,0,6,,, ,2,2,13,4,DoS,1,2018.529541
175.45.176.3,149.171.126.10,REQ,16.170187,4352,0,254,0,0,0,-,2018.529541,0,16,0,0,0,0,0,272,0,0,0,1493.258125,0,1424261719,1424261735,1290.972,0,0,0,0,0,6,,, ,2,2,13,4,DoS,1,2018.529541
175.45.176.3,149.171.126.10,REQ,16.170187,4352,0,254,0,0,0,-,2018.529541,0,16,0,0,0,0,0,272,0,0,0,1493.258125,0,1424261719,1424261735,1290.972,0,0,0,0,0,6,,, ,2,2,13,4,DoS,1,19667.26953
175.45.176.1,149.171.126.10,FIN,0.538153,1470,268,62,252,2,1,http,19667.26953,3329.908203,10,6,255,255,579915105,2003527244,147,45,1,0,2593.134695,112.29907,1424261741,1424261742,52.557,87.344,0.152482,0.101424,0.051058,0,1,1,, ,1,3,17,1,DoS,1,8537.901367
175.45.176.2,149.171.126.11,FIN,0.60249,714,700,62,252,2,2,http,8537.901367,8139.554199,10,8,255,255,3638398006,862529555,71,88,1,75,3546.397206,120.836961,1424261984,1424261985,66.943333,76.999289,0.087671,0.062773,0.024898,0,1,1,, ,1,1,1,1,DoS,1,1117591.375
175.45.176.0,149.171.126.12,FIN,2.358193,330718,1816,62,252,126,1,-,1117591.375,6014.774902,258,42,255,255,1894173722,1446489174,1282,43,1,0,1017.836724,60.182246,1424262064,1424262066,9.064132,55.433316,0.122761,0.085419,0.037342,0,1,1,, ,1,1,1,1,DoS,1,833016.875
175.45.176.0,149.171.126.12,CON,2.579405,269883,1300,62,252,103,1,-,833016.875,3898.573486,208,30,255,255,183420721,3548597985,1298,43,1,0,1701.61447,138.857703,1424262066,1424262069,12.239136,86.655617,0.159923,0.066388,0.093535,0,3,2,, ,2,1,2,4,DoS,1,833016.875
